51590,0.001,18.2,31.5,32.6,17.6
51680,0.005,11.3,25.2,27.9,35.6
51820,0.006,13.9,33.4,25.6,27.1
51570,0.007,8.5,31.4,34.6,25.5
25019,0.008,4.4,19.8,23.0,52.8
54105,0.008,17.1,42.0,29.7,11.2
51685,0.009,17.3,26.4,28.4,27.9
54065,0.014,14.1,40.4,28.6,17.0
51045,0.015,9.2,37.5,29.7,23.6
51790,0.015,10.3,29.8,26.5,33.4
51011,0.016,14.1,33.9,31.1,20.9
51007,0.017,16.1,40.8,25.9,17.1
51161,0.017,7.7,25.0,31.8,35.6
51145,0.018,10.1,30.0,30.6,29.2
13183,0.019,12.3,34.7,35.5,17.4
51683,0.02,17.3,25.8,27.3,29.6
51079,0.02,13.9,28.6,28.4,29.0
54017,0.021,18.0,43.7,21.2,17.1
13187,0.022,15.2,30.4,28.0,26.4
13289,0.023,25.8,38.5,23.9,11.8
13023,0.023,11.4,40.9,28.9,18.7
51147,0.023,14.0,34.1,25.1,26.8
51730,0.023,17.2,35.7,27.3,19.8
51840,0.023,15.9,24.6,24.4,35.1
13091,0.026,14.4,44.2,27.1,14.3
51109,0.026,14.8,32.7,28.5,24.1
51830,0.026,5.3,18.7,19.2,56.8
54091,0.026,10.7,47.2,24.8,17.3
54087,0.026,20.9,43.5,22.5,13.1
13253,0.027,14.0,38.3,31.5,16.2
51036,0.028,20.3,38.3,26.7,14.7
25007,0.029,5.2,23.6,26.3,44.9
13141,0.03,25.8,43.1,22.4,8.6
51005,0.03,14.0,40.3,30.6,15.0
54001,0.03,14.7,47.3,22.4,15.6
13257,0.031,17.9,38.6,22.4,21.0
13161,0.032,20.7,38.7,30.3,10.3
51660,0.032,16.1,25.6,22.0,36.3
13085,0.033,12.8,29.1,27.5,30.6
13009,0.033,14.2,35.0,27.5,23.3
13309,0.034,19.2,50.5,16.8,13.6
13049,0.035,25.9,40.1,25.2,8.8
13311,0.035,14.8,30.9,31.5,22.7
51187,0.035,13.1,35.9,29.3,21.7
13167,0.036,24.9,45.9,20.1,9.1
13003,0.036,32.8,34.7,20.3,12.2
13281,0.036,10.1,29.9,30.0,30.1
13225,0.037,17.0,29.8,32.6,20.5
51630,0.037,9.8,23.7,25.5,40.9
51063,0.038,13.0,35.7,29.3,22.1
13207,0.039,14.3,33.3,25.6,26.8
25001,0.04,4.5,23.7,28.3,43.4
51081,0.04,22.2,41.3,27.4,9.2
13055,0.042,26.2,40.1,24.8,8.9
13267,0.042,24.2,38.1,24.5,13.2
51540,0.042,8.9,16.5,19.7,54.9
13237,0.043,12.4,37.6,26.6,23.4
13233,0.044,21.2,37.9,27.2,13.7
13005,0.044,17.9,42.4,29.2,10.5
13283,0.044,26.3,40.8,20.5,12.4
13213,0.044,29.3,37.4,23.2,10.1
13235,0.044,18.9,36.8,31.1,13.2
13017,0.045,16.5,45.3,27.0,11.2
13243,0.046,25.5,35.8,28.5,10.3
13315,0.046,17.9,45.6,24.4,12.2
13119,0.047,17.7,39.4,27.0,15.9
51137,0.047,11.3,34.7,28.9,25.1
54097,0.047,14.6,49.0,19.5,16.9
13129,0.048,22.1,34.9,28.3,14.7
13035,0.048,19.4,44.7,23.7,12.2
13247,0.048,11.2,31.5,31.0,26.3
13255,0.05,18.1,39.8,24.3,17.8
13001,0.051,25.1,38.7,26.4,9.8
51775,0.051,10.8,29.0,32.3,27.9
54049,0.051,10.6,40.7,26.2,22.6
51600,0.051,6.0,13.4,19.8,60.8
13171,0.052,13.0,39.4,31.8,15.8
51610,0.052,1.1,7.3,14.1,77.6
13149,0.053,20.3,45.1,25.8,8.7
54069,0.053,6.5,34.2,27.3,32.0
51049,0.053,16.5,38.1,30.5,14.9
13291,0.054,11.0,34.0,32.5,22.5
51750,0.054,8.8,23.8,29.4,38.0
13155,0.055,18.5,40.2,26.1,15.1
13301,0.056,26.8,39.8,21.1,12.3
13231,0.057,11.8,41.8,29.3,17.1
13025,0.057,21.1,44.6,25.4,8.9
13123,0.057,18.3,35.4,25.9,20.4
13197,0.057,22.2,35.5,28.9,13.4
51175,0.058,15.2,29.8,36.6,18.4
54073,0.058,10.9,50.7,26.8,11.6
13303,0.06,18.7,44.7,24.3,12.3
51095,0.06,4.9,17.8,26.9,50.4
13173,0.061,20.0,37.9,25.6,16.5
13125,0.062,21.8,40.9,25.7,11.6
13131,0.063,19.9,39.2,27.0,13.9
13011,0.063,24.1,38.0,24.5,13.4
51770,0.063,13.8,34.1,28.7,23.4
13099,0.064,19.6,37.1,28.2,15.1
13217,0.064,13.4,33.8,33.1,19.8
13177,0.064,9.1,29.8,35.7,25.4
13047,0.065,12.5,32.9,33.2,21.4
51021,0.065,11.4,42.4,32.0,14.2
51035,0.067,19.2,36.0,29.8,15.0
13015,0.067,16.4,33.4,31.6,18.6
13143,0.068,18.8,36.1,30.4,14.8
13227,0.068,14.7,31.5,30.7,23.1
13101,0.071,25.8,41.9,22.5,9.7
13239,0.071,35.3,35.4,22.2,7.1
54103,0.071,13.8,50.9,23.3,12.0
51029,0.073,20.2,42.8,24.6,12.5
13201,0.074,17.4,36.5,32.1,14.0
13115,0.074,17.6,34.3,27.2,20.9
13205,0.076,22.8,39.5,28.0,9.7
51159,0.077,19.4,35.4,27.5,17.7
13321,0.078,17.1,42.7,29.2,11.0
13279,0.078,19.9,37.5,26.4,16.2
13317,0.079,16.3,44.0,25.9,13.8
13037,0.08,27.1,36.7,27.1,9.1
13189,0.08,16.6,41.6,27.7,14.0
13193,0.08,26.4,34.8,30.1,8.8
54051,0.081,7.7,44.5,29.7,18.0
13093,0.084,22.3,41.1,24.5,12.1
8011,0.084,15.2,48.7,24.6,11.4
13063,0.084,15.2,33.6,31.7,19.5
13043,0.084,22.7,37.3,27.0,13.0
13013,0.085,15.5,34.1,31.4,19.0
13265,0.085,29.0,46.2,16.8,8.1
51033,0.086,14.9,37.7,27.5,19.9
8025,0.087,13.9,42.6,34.5,9.0
51037,0.087,16.8,40.4,31.9,10.9
13081,0.089,17.2,37.6,31.1,14.1
5091,0.089,13.5,35.3,34.4,16.8
13137,0.089,20.4,34.7,25.6,19.3
51183,0.089,19.7,42.5,25.1,12.7
13071,0.09,25.3,38.8,23.1,12.8
13307,0.09,20.7,40.7,23.9,14.7
13273,0.09,22.5,32.3,33.9,11.2
13287,0.09,18.8,38.0,31.5,11.7
13159,0.092,17.2,38.1,30.4,14.2
51139,0.093,17.4,45.5,23.4,13.7
51047,0.094,13.9,31.2,29.2,25.7
51177,0.094,8.8,29.5,29.9,31.7
51550,0.096,7.9,24.0,34.9,33.2
51117,0.096,18.1,31.8,30.0,20.2
13083,0.097,19.3,37.7,27.9,15.2
13271,0.098,29.7,47.2,14.4,8.6
38087,0.099,9.9,28.5,35.7,25.9
13249,0.1,12.4,34.8,39.4,13.3
46089,0.1,17.6,33.3,31.4,17.7
31117,0.101,10.8,23.8,43.3,22.0
54013,0.103,19.5,46.7,21.6,12.2
13079,0.104,16.9,40.0,32.6,10.5
13223,0.104,10.6,32.9,33.8,22.6
51099,0.104,6.7,26.5,30.7,36.0
54007,0.104,19.6,46.3,19.2,14.9
13181,0.105,17.9,39.7,26.6,15.9
13259,0.106,31.9,36.4,19.5,12.2
13151,0.108,8.8,31.7,31.1,28.5
13095,0.111,16.6,30.2,31.8,21.4
13319,0.111,15.6,50.3,23.3,10.9
13105,0.112,21.6,40.9,25.9,11.6
51165,0.113,16.0,35.1,22.5,26.3
51057,0.114,17.7,37.7,27.2,17.4
13109,0.115,23.8,38.9,21.6,15.8
13313,0.116,30.5,29.4,24.3,15.7
13019,0.116,21.0,42.4,25.2,11.4
22023,0.117,15.3,40.3,31.8,12.7
54089,0.117,15.0,42.2,28.4,14.5
51149,0.118,9.4,33.8,33.2,23.6
51163,0.12,13.2,33.7,26.5,26.7
51193,0.121,15.5,33.8,31.5,19.2
51760,0.122,14.6,21.8,24.0,39.6
13285,0.123,16.6,35.1,29.3,19.0
54023,0.124,17.9,46.1,22.2,13.8
13117,0.125,7.0,15.6,24.3,53.1
51089,0.125,19.9,34.2,31.9,13.9
8017,0.126,8.4,36.8,35.7,19.2
13209,0.126,18.3,38.1,27.7,16.0
31075,0.126,3.0,35.8,34.3,26.8
32029,0.127,6.4,27.8,34.5,31.4
54079,0.128,8.3,36.5,29.2,26.1
8061,0.13,4.3,35.6,38.7,21.4
13165,0.13,20.7,44.8,26.6,7.9
51135,0.13,20.3,37.7,27.2,14.8
13275,0.131,15.1,31.5,28.6,24.7
13277,0.131,18.1,34.7,29.1,18.1
13145,0.133,7.8,23.7,37.1,31.4
51093,0.133,12.1,27.9,32.9,27.0
13045,0.135,15.4,33.4,30.2,21.1
13295,0.135,18.0,35.2,30.1,16.6
13195,0.135,16.8,39.8,24.9,18.5
51031,0.135,12.8,32.2,32.5,22.5
13175,0.137,14.1,43.1,26.5,16.2
54061,0.138,7.6,27.2,22.3,42.8
8103,0.139,8.1,31.5,37.6,22.7
31113,0.14,6.0,30.1,44.2,19.6
51017,0.14,9.7,42.9,31.5,15.9
13297,0.141,13.1,36.0,29.1,21.7
1133,0.142,21.2,38.2,27.8,12.8
13111,0.142,13.4,33.5,31.3,21.8
30055,0.142,7.5,38.8,36.5,17.2
51069,0.144,10.8,32.4,28.5,28.3
54043,0.144,19.1,47.0,24.9,9.0
46063,0.145,9.3,31.7,33.0,26.0
8109,0.146,16.9,30.5,30.4,22.1
13199,0.146,20.3,39.8,29.5,10.4
13169,0.147,10.9,39.2,30.3,19.6
13211,0.148,12.3,36.0,30.9,20.7
54035,0.149,11.7,44.1,26.8,17.4
31005,0.15,6.3,25.9,41.6,26.2
35059,0.15,18.1,46.8,23.4,11.7
29179,0.151,20.2,40.4,25.7,13.7
51071,0.151,11.1,38.7,32.1,18.1
13059,0.152,12.0,19.9,24.1,44.0
13061,0.152,20.0,36.3,31.2,12.5
28055,0.152,39.5,31.9,25.5,3.2
30075,0.153,5.9,29.7,40.0,24.4
51083,0.153,18.5,36.0,30.1,15.4
8121,0.154,8.1,34.5,42.0,15.4
51155,0.154,12.6,33.2,34.2,20.0
8009,0.155,13.8,28.0,36.8,21.4
51023,0.155,7.2,32.3,32.1,28.3
13103,0.157,11.7,37.5,30.8,20.0
29067,0.157,17.9,44.0,27.3,10.8
13021,0.158,14.0,30.5,30.1,25.4
13299,0.158,18.6,39.2,27.0,15.2
35019,0.158,17.3,47.5,27.6,7.6
38037,0.158,9.9,36.1,35.9,18.1
47127,0.158,14.1,39.9,23.3,22.7
31085,0.16,9.8,26.3,45.6,18.3
13097,0.162,12.2,30.4,29.3,28.2
13157,0.162,15.9,32.1,29.2,22.7
38007,0.162,10.5,33.0,30.2,26.3
54095,0.162,10.8,50.5,24.6,14.1
51019,0.164,10.0,30.2,30.6,29.2
37167,0.165,14.7,33.3,34.7,17.3
8075,0.166,10.4,33.7,35.6,20.2
8073,0.166,9.1,54.5,23.9,12.6
39075,0.167,43.1,32.9,14.4,9.7
38053,0.168,9.3,28.4,36.6,25.8
54009,0.17,9.4,40.9,30.7,19.0
5057,0.174,17.4,36.8,30.7,15.1
29145,0.174,12.9,34.5,32.6,20.0
51087,0.174,8.3,21.2,26.8,43.7
13077,0.175,10.8,28.6,30.3,30.3
51197,0.176,13.8,37.9,29.3,19.0
54029,0.176,9.6,41.9,31.1,17.4
51143,0.179,17.3,35.0,33.1,14.5
8081,0.18,11.3,38.8,32.4,17.6
21215,0.18,9.6,36.3,33.8,20.3
51077,0.18,18.7,37.2,30.3,13.7
13263,0.181,17.7,45.5,24.7,12.1
13107,0.181,21.4,40.8,24.7,13.0
13163,0.181,23.6,41.8,24.7,9.9
12043,0.181,25.5,38.2,25.1,11.2
29155,0.181,22.2,43.3,21.7,12.7
37143,0.183,13.1,28.7,38.0,20.2
54027,0.183,15.7,46.2,25.8,12.4
1009,0.184,19.5,33.4,34.0,13.1
29119,0.184,22.4,41.3,24.8,11.5
47061,0.184,25.6,40.7,20.5,13.2
54011,0.184,12.0,33.3,28.7,26.0
13139,0.185,20.9,27.7,26.9,24.5
13135,0.187,12.3,22.3,28.4,36.9
29203,0.187,20.0,44.9,20.2,14.9
29091,0.187,13.0,38.9,30.1,18.0
51003,0.187,7.9,15.8,21.2,55.1
13241,0.188,15.2,33.1,27.5,24.2
37007,0.188,19.3,40.2,29.2,11.3
47007,0.188,24.4,39.8,23.8,12.0
54085,0.188,15.4,51.0,22.3,11.3
54015,0.188,22.7,51.8,16.2,9.2
8057,0.189,12.6,28.1,39.2,20.0
12133,0.189,18.7,40.1,28.6,12.5
47153,0.189,18.4,39.1,27.4,15.1
54081,0.189,13.5,40.0,28.1,18.4
1021,0.19,18.2,44.4,24.6,12.7
13073,0.19,7.3,23.8,32.6,36.4
13229,0.19,16.6,42.8,28.1,12.6
30033,0.19,2.7,44.1,38.9,14.3
31009,0.19,5.0,31.0,41.0,23.0
31165,0.191,6.8,29.4,33.2,30.6
13069,0.191,24.3,37.2,25.5,13.0
12077,0.192,18.6,45.8,21.2,14.4
13185,0.192,13.4,31.4,29.9,25.3
29153,0.192,17.7,43.4,27.9,11.0
38025,0.192,8.9,33.7,36.1,21.3
35025,0.192,25.7,31.5,29.2,13.6
51127,0.192,7.3,34.5,31.3,26.9
12059,0.193,21.3,40.7,27.3,10.7
28041,0.193,23.8,33.7,32.8,9.7
35041,0.193,20.0,28.1,28.0,23.9
31171,0.193,6.1,22.8,46.3,24.7
51195,0.193,24.1,29.7,31.3,15.0
1007,0.194,20.9,44.9,23.8,10.4
8039,0.195,3.3,24.1,36.8,35.8
12125,0.195,23.5,37.4,29.9,9.2
20133,0.195,9.2,32.5,40.1,18.1
51067,0.195,11.9,34.9,31.4,21.9
13031,0.196,12.7,27.2,33.2,27.0
22091,0.196,22.5,38.5,22.4,16.7
29215,0.196,16.4,38.6,31.5,13.5
13269,0.197,21.5,37.5,28.3,12.6
13121,0.197,7.4,17.7,22.0,52.9
54047,0.197,31.4,47.0,16.2,5.4
5099,0.198,9.6,43.0,32.8,14.6
12003,0.198,14.3,42.6,29.9,13.2
31063,0.198,4.1,29.2,45.2,21.5
8063,0.199,10.5,37.6,33.2,18.7
8099,0.199,19.5,26.1,36.1,18.3
8125,0.201,11.4,34.4,32.4,21.8
29181,0.201,20.1,42.3,27.5,10.2
47015,0.201,15.5,45.6,23.2,15.8
51121,0.201,6.8,23.4,24.4,45.5
1049,0.202,25.2,34.2,27.6,13.0
31007,0.202,3.0,25.6,48.1,23.3
51141,0.202,19.8,34.8,30.2,15.2
54033,0.202,11.2,38.6,26.9,23.3
13221,0.203,20.3,38.9,23.8,17.1
29069,0.203,23.7,38.2,24.2,13.8
37091,0.203,19.2,32.7,33.2,14.9
13089,0.205,10.7,20.9,24.3,44.2
5121,0.205,17.1,36.1,32.9,13.8
13219,0.205,5.5,19.3,22.9,52.3
29063,0.205,12.7,47.1,26.4,13.8
51157,0.205,11.6,27.6,25.0,35.8
8033,0.206,6.2,36.2,33.5,24.1
45053,0.206,18.2,37.5,26.5,17.8
51015,0.206,12.6,38.7,25.9,22.7
8043,0.207,9.9,39.3,32.3,18.5
13057,0.207,7.9,22.4,31.5,38.2
12007,0.208,20.4,40.4,29.4,9.9
13147,0.208,18.5,36.9,28.9,15.7
29149,0.208,16.9,43.0,25.5,14.6
29045,0.208,13.7,43.5,30.0,12.8
51133,0.208,9.0,32.7,29.5,28.9
1017,0.209,18.4,36.7,31.6,13.3
37093,0.209,12.9,28.7,40.6,17.7
5081,0.21,11.0,44.7,31.8,12.5
8019,0.21,1.4,21.9,28.7,48.1
12013,0.21,23.1,41.6,25.8,9.5
22011,0.21,14.7,38.1,29.5,17.8
29065,0.21,16.8,41.4,26.5,15.3
51053,0.211,16.8,36.0,28.5,18.6
51125,0.211,14.3,35.2,20.2,30.4
56005,0.212,7.1,35.6,38.4,18.9
31115,0.213,1.9,29.4,43.3,25.3
29221,0.214,23.1,37.4,29.7,9.9
45081,0.214,21.8,35.2,26.2,16.8
5101,0.215,13.5,35.4,30.6,20.5
35009,0.215,18.1,26.7,36.0,19.2
47111,0.215,19.7,45.7,24.3,10.3
47095,0.215,27.1,43.2,20.4,9.4
28129,0.216,20.8,39.2,27.9,12.2
17151,0.217,14.0,36.0,36.9,13.1
18111,0.217,14.3,42.8,31.1,11.9
46137,0.217,15.9,41.3,26.4,16.4
8115,0.218,13.0,29.1,38.4,19.5
22115,0.218,13.2,40.2,29.0,17.5
51510,0.218,7.0,11.6,18.3,63.1
8027,0.219,6.4,20.8,40.3,32.5
8119,0.219,2.8,23.2,36.3,37.7
22029,0.22,19.8,40.8,25.3,14.1
18087,0.22,38.2,30.5,20.8,10.5
29197,0.22,12.4,46.2,28.7,12.6
17003,0.221,13.5,40.7,32.9,12.9
35003,0.221,5.9,47.1,31.3,15.7
45021,0.221,19.7,34.7,31.4,14.2
46105,0.221,7.6,36.0,36.1,20.3
54031,0.221,19.7,44.7,21.1,14.5
12029,0.222,21.6,43.3,24.8,10.4
29175,0.222,13.1,36.3,35.5,15.1
38105,0.222,9.5,27.1,39.9,23.6
12047,0.223,27.0,45.4,19.8,7.9
40113,0.223,11.7,38.1,32.1,18.0
54053,0.223,14.0,45.5,26.1,14.4
1019,0.224,18.4,40.3,28.6,12.8
1029,0.224,21.0,38.0,25.6,15.4
12041,0.224,14.6,42.1,29.9,13.4
16073,0.224,23.9,33.4,30.8,12.0
30109,0.224,11.3,37.2,28.1,23.4
47159,0.224,14.7,46.5,24.3,14.4
56011,0.224,7.3,29.0,41.3,22.3
12067,0.225,24.7,38.9,24.6,11.8
29035,0.225,15.2,43.2,26.2,15.5
47027,0.225,19.7,46.2,20.2,13.9
22003,0.226,20.3,44.3,24.1,11.3
5049,0.226,14.4,35.8,37.5,12.2
1053,0.226,18.9,43.7,24.9,12.5
5079,0.226,18.9,47.3,24.1,9.7
31167,0.226,6.3,31.6,44.2,17.8
42105,0.226,12.0,47.0,25.6,15.4
21047,0.227,14.4,31.0,36.4,18.1
28019,0.227,19.5,35.9,25.5,19.1
29131,0.227,12.7,40.6,27.3,19.4
1039,0.228,16.6,37.3,30.8,15.3
22059,0.228,22.4,42.5,21.4,13.6
31111,0.228,6.5,28.5,41.8,23.2
51097,0.228,11.9,37.1,27.4,23.6
28153,0.229,20.7,38.4,25.6,15.3
29055,0.229,22.1,39.1,27.3,11.5
31029,0.229,11.9,25.8,41.3,21.0
39161,0.229,8.7,44.3,30.4,16.6
28015,0.23,19.8,35.4,32.5,12.2
51800,0.23,10.1,27.1,33.3,29.5
1117,0.231,7.3,19.8,29.9,42.9
13065,0.231,30.8,33.9,25.3,10.0
13245,0.231,15.9,31.4,31.4,21.4
54059,0.231,24.5,42.6,23.0,9.9
32011,0.232,5.4,47.4,38.4,8.8
1005,0.232,26.8,35.6,26.0,11.6
17051,0.232,16.2,40.2,32.4,11.3
8089,0.233,12.8,31.9,36.7,18.6
13007,0.233,19.4,37.9,29.8,12.9
12049,0.233,22.8,49.1,17.8,10.2
21135,0.233,24.2,42.8,24.0,9.1
1121,0.234,19.7,33.7,31.6,15.0
5077,0.234,24.2,40.4,24.7,10.7
32027,0.234,19.1,37.2,32.6,11.1
29173,0.234,10.3,49.0,25.9,14.9
8095,0.235,11.5,33.1,31.6,23.8
22053,0.235,18.7,40.4,24.0,16.9
8093,0.236,2.3,30.9,37.0,29.8
13305,0.236,16.6,42.0,28.5,13.0
38065,0.236,8.7,30.8,39.4,21.1
50005,0.236,8.7,35.3,27.0,29.0
13027,0.237,14.9,35.0,32.4,17.8
29023,0.237,17.0,37.3,32.3,13.3
40001,0.237,19.2,46.6,22.6,11.6
54075,0.238,17.4,47.8,20.0,14.8
5113,0.238,15.1,36.5,34.3,14.1
16049,0.238,9.5,36.1,34.6,19.8
29199,0.238,20.1,41.5,24.2,14.2
29185,0.238,15.5,41.1,29.5,13.9
51173,0.238,16.7,37.7,31.0,14.6
29011,0.239,12.8,41.1,26.2,19.9
40025,0.239,16.9,36.0,24.2,22.8
47049,0.239,17.0,43.6,23.4,16.0
53023,0.239,5.6,27.9,42.1,24.5
1115,0.24,15.4,35.6,32.9,16.1
5089,0.24,13.5,37.5,31.9,17.1
47167,0.24,12.2,37.6,32.9,17.3
47087,0.24,21.8,44.6,22.5,11.0
50011,0.24,9.3,37.9,28.7,24.1
51185,0.24,18.3,36.5,30.3,14.9
1031,0.241,14.1,27.2,35.9,22.8
1111,0.241,20.4,34.9,28.2,16.5
21007,0.241,12.8,36.4,34.8,15.9
22113,0.241,22.1,41.3,22.4,14.2
29017,0.241,20.2,47.3,23.6,8.9
29143,0.241,21.3,46.7,20.0,12.1
31049,0.241,10.8,33.6,39.7,15.9
40043,0.241,6.2,41.5,28.3,24.0
42057,0.241,12.2,52.2,22.0,13.6
40089,0.241,17.1,43.0,26.5,13.4
47097,0.241,22.9,45.4,23.4,8.3
5013,0.242,15.8,44.7,28.1,11.4
13113,0.242,4.7,20.9,28.2,46.2
12123,0.242,21.2,43.8,26.6,8.3
18155,0.242,16.1,46.4,26.6,10.9
28135,0.242,30.5,28.8,30.5,10.3
29059,0.242,16.6,44.5,26.0,12.9
1093,0.243,20.4,34.8,32.0,12.8
1113,0.243,16.2,31.4,34.6,17.8
5065,0.243,16.2,38.0,32.7,13.1
12107,0.243,18.2,41.2,28.3,12.3
22065,0.243,26.1,36.9,24.1,12.8
35037,0.243,18.1,35.7,29.2,17.1
40083,0.243,9.9,32.5,30.0,27.7
1057,0.244,17.4,41.3,28.9,12.4
18047,0.244,12.7,42.5,23.7,21.1
16031,0.244,16.4,29.8,35.3,18.6
21045,0.244,24.0,40.6,22.7,12.8
47183,0.244,14.9,38.9,24.6,21.6
54019,0.244,17.2,43.9,24.1,14.8
21109,0.245,25.4,42.7,18.1,13.8
22085,0.245,14.3,46.6,25.8,13.3
47173,0.245,22.9,44.8,22.4,9.9
31183,0.246,4.4,32.5,43.7,19.4
37155,0.246,22.7,33.4,30.2,13.7
51009,0.246,14.4,36.0,30.6,19.1
51700,0.246,9.0,28.5,36.2,26.3
5063,0.247,14.0,37.6,30.9,17.5
5073,0.247,20.3,40.2,23.7,15.8
16075,0.247,14.3,34.7,35.3,15.7
13215,0.247,12.0,27.4,34.9,25.8
28147,0.247,18.3,43.8,23.5,14.4
29229,0.247,19.6,45.5,24.8,10.2
31125,0.247,6.8,37.7,37.2,18.3
29061,0.247,15.0,41.0,25.5,18.5
31103,0.247,4.9,32.1,37.9,25.0
40023,0.247,17.8,38.3,30.5,13.4
1001,0.248,11.5,33.6,28.4,26.6
8101,0.248,10.3,29.1,38.8,21.8
8087,0.248,21.1,31.3,30.1,17.5
22039,0.248,24.3,41.5,22.6,11.6
28005,0.248,18.1,39.3,30.0,12.6
29039,0.248,12.3,41.2,32.9,13.6
56027,0.248,12.9,34.7,34.4,18.0
8021,0.249,12.0,33.9,33.0,21.0
22099,0.249,18.1,43.0,24.4,14.5
28069,0.249,17.9,38.3,29.1,14.7
28137,0.249,17.0,35.4,31.7,15.8
40041,0.249,15.1,35.8,31.0,18.1
40115,0.249,14.7,36.3,34.5,14.5
5127,0.25,20.9,40.8,29.1,9.3
16015,0.25,5.7,30.6,36.6,27.1
51041,0.25,7.7,23.6,28.3,40.5
28057,0.25,20.9,31.1,34.8,13.2
37185,0.25,18.4,36.7,29.1,15.8
1041,0.251,20.8,39.5,22.3,17.4
5131,0.251,15.9,31.0,31.7,21.3
18015,0.251,11.6,40.8,31.0,16.7
37017,0.251,18.7,33.4,32.1,15.8
46019,0.251,9.0,42.2,29.7,19.2
47003,0.251,17.9,41.4,24.0,16.6
47099,0.251,16.6,44.3,24.8,14.3
47067,0.251,22.9,42.2,23.7,11.2
51025,0.251,21.5,36.4,28.6,13.6
51085,0.251,6.9,25.5,27.9,39.8
22081,0.252,19.2,43.2,23.7,13.9
28111,0.252,17.0,40.4,31.8,10.7
28045,0.252,12.5,28.1,37.3,22.0
29105,0.252,14.8,40.8,29.8,14.6
38033,0.252,7.1,25.3,40.7,26.9
47045,0.252,16.1,38.8,28.9,16.1
49039,0.252,9.8,28.9,40.4,20.9
1083,0.253,15.3,30.4,28.6,25.7
12121,0.253,17.7,38.9,27.9,15.5
20189,0.253,21.8,25.8,38.7,13.7
30007,0.253,6.8,32.2,33.9,27.1
31071,0.253,3.7,31.3,39.6,25.5
35015,0.253,15.6,36.6,31.6,16.2
47101,0.253,15.7,42.5,31.4,10.4
50009,0.253,13.2,46.0,24.7,16.2
17009,0.254,17.0,37.5,31.4,14.1
21063,0.254,25.0,43.4,21.9,9.7
30011,0.254,7.5,32.7,39.6,20.2
4015,0.255,13.9,35.3,37.8,12.9
39001,0.255,19.8,44.5,22.5,13.2
47169,0.255,15.6,38.4,32.3,13.8
51101,0.255,7.9,34.3,36.8,21.0
21105,0.256,19.9,41.7,22.6,15.8
37169,0.256,16.2,40.0,29.7,14.1
31013,0.256,9.3,33.0,40.5,17.1
1055,0.256,15.4,32.9,33.9,17.8
12027,0.256,26.5,43.8,18.2,11.5
28035,0.256,12.6,27.2,32.4,27.8
40007,0.256,16.2,34.9,29.0,19.9
47055,0.256,14.2,43.1,26.1,16.5
5009,0.257,12.6,33.4,37.9,16.1
5069,0.257,13.9,38.9,29.3,18.0
16065,0.257,4.1,15.2,44.3,36.4
28003,0.257,18.7,32.2,32.0,17.1
45017,0.258,13.8,36.2,30.1,19.9
29123,0.258,15.6,36.5,32.3,15.6
22063,0.259,14.8,38.1,27.4,19.7
8045,0.259,11.9,27.0,30.1,31.0
6031,0.259,26.6,25.3,33.4,14.7
13087,0.259,17.5,36.7,32.0,13.8
22025,0.259,25.7,39.4,21.1,13.8
54003,0.259,11.0,37.6,30.2,21.2
5135,0.26,16.5,40.9,32.4,10.2
28085,0.26,13.7,37.6,32.6,16.2
29109,0.26,15.3,38.7,30.0,16.0
31161,0.26,9.4,32.8,34.9,22.8
47011,0.26,14.7,32.1,30.9,22.3
47023,0.26,14.8,39.1,30.1,16.0
53065,0.26,9.4,34.5,37.4,18.7
6035,0.261,16.8,34.5,35.7,12.9
5117,0.261,16.8,39.9,27.8,15.4
8029,0.262,9.3,38.3,30.7,21.7
8097,0.262,3.1,17.0,19.1,60.8
12023,0.262,13.9,36.7,34.6,14.9
28013,0.262,22.5,37.3,28.5,11.8
29093,0.262,18.5,41.4,29.2,10.8
28091,0.262,18.5,39.3,29.9,12.3
46055,0.262,6.1,44.3,34.0,15.6
47131,0.262,16.5,44.8,23.4,15.3
5087,0.263,19.4,43.9,22.6,14.2
22009,0.263,23.2,37.8,26.7,12.3
29171,0.263,9.5,42.8,28.3,19.3
29223,0.263,23.8,39.0,27.7,9.6
29163,0.263,15.8,47.6,21.0,15.6
37043,0.263,11.8,33.4,31.1,23.7
46021,0.263,10.0,35.5,26.5,28.0
47107,0.263,15.5,40.4,27.9,16.2
13251,0.264,16.5,41.5,26.6,15.4
29113,0.264,10.5,42.3,30.4,16.8
2240,0.265,10.1,34.2,35.9,19.7
1061,0.265,19.7,36.0,31.8,12.5
8007,0.265,7.7,21.0,34.2,37.2
21099,0.265,23.8,40.3,24.4,11.4
30015,0.265,7.4,33.9,30.4,28.3
28145,0.265,21.9,33.7,31.1,13.4
28099,0.265,19.7,35.6,33.0,11.6
47051,0.265,12.5,40.0,26.6,20.8
45025,0.265,23.3,41.3,25.0,10.4
54037,0.265,10.2,31.0,27.1,31.8
1109,0.266,15.0,35.7,25.5,23.7
5035,0.266,17.4,34.8,30.4,17.4
28039,0.266,15.7,36.6,34.0,13.8
40127,0.266,16.8,42.5,26.4,14.3
56035,0.266,4.0,34.6,38.6,22.8
56009,0.266,9.2,39.0,34.6,17.3
8003,0.267,13.1,28.5,33.3,25.0
8111,0.267,6.2,25.8,32.4,35.7
21225,0.267,10.0,47.8,31.1,11.1
29025,0.267,10.2,43.7,27.9,18.1
29217,0.267,11.7,40.5,29.0,18.9
51179,0.267,6.8,22.9,30.4,39.9
51167,0.267,19.7,38.0,30.1,12.2
13029,0.268,8.4,24.3,34.2,33.1
16021,0.268,8.2,42.7,29.3,19.8
17087,0.268,17.8,31.6,34.7,16.0
22049,0.268,19.4,42.6,24.1,14.0
28163,0.268,21.1,38.6,26.8,13.4
40077,0.268,12.2,36.8,33.8,17.2
54063,0.268,15.5,49.4,19.8,15.3
29167,0.269,11.6,39.0,29.5,19.9
1027,0.269,23.3,37.8,28.3,10.6
12051,0.269,33.7,33.7,24.3,8.3
28139,0.269,20.1,36.2,28.5,15.2
49047,0.269,14.3,34.9,35.0,15.8
1013,0.27,15.0,45.2,23.7,16.1
1051,0.27,13.4,32.5,29.1,25.1
22037,0.27,20.0,43.5,23.9,12.7
47133,0.27,19.4,46.7,21.2,12.8
13153,0.271,8.4,27.0,36.2,28.3
17101,0.271,15.1,34.7,35.3,14.9
20129,0.271,16.0,28.0,38.7,17.3
29111,0.271,11.5,45.9,29.0,13.6
32019,0.271,13.1,32.8,39.6,14.4
45057,0.271,14.1,29.9,29.1,26.9
49021,0.271,7.1,23.6,39.5,29.8
5093,0.272,18.9,38.8,28.5,13.8
5109,0.272,12.6,38.1,32.0,17.3
18149,0.272,15.1,42.1,30.9,11.9
30053,0.272,10.4,37.3,32.7,19.6
27167,0.272,5.1,28.7,42.4,23.8
31101,0.272,8.5,31.7,39.3,20.5
5033,0.273,15.0,37.3,31.7,16.0
1125,0.273,11.7,29.9,27.7,30.7
16033,0.273,40.2,28.0,19.6,12.2
22021,0.273,23.3,42.5,20.3,13.8
29207,0.273,19.1,41.5,26.1,13.3
31087,0.273,7.9,33.5,41.0,17.6
29213,0.273,11.1,33.6,35.4,19.9
37085,0.273,12.5,29.9,35.7,21.9
5067,0.274,19.8,42.5,27.5,10.1
8001,0.274,16.2,28.6,30.9,24.3
8053,0.274,6.3,22.8,25.3,45.7
13067,0.274,7.9,18.5,26.2,47.4
22027,0.274,20.5,43.5,23.2,12.8
22043,0.274,17.5,46.8,27.1,8.5
28065,0.274,17.6,36.6,31.7,14.1
29177,0.274,11.9,45.1,28.4,14.6
30107,0.274,18.2,34.2,28.1,19.6
49023,0.274,8.9,38.6,36.6,16.0
51171,0.274,13.0,37.9,28.6,20.5
1099,0.275,14.4,47.2,24.9,13.5
8055,0.275,7.6,29.6,41.6,21.1
5129,0.275,18.2,40.2,29.7,11.9
21121,0.275,26.5,38.0,21.3,14.2
38043,0.275,9.2,33.8,39.3,17.7
42009,0.275,12.1,51.3,21.9,14.7
47085,0.275,15.1,48.4,22.2,14.3
16067,0.276,20.8,32.1,33.0,14.1
22041,0.276,25.0,42.1,20.9,12.0
27059,0.276,7.5,34.6,39.4,18.5
29125,0.276,13.5,40.0,30.6,15.8
29169,0.276,7.2,27.5,37.1,28.3
37061,0.276,24.0,31.8,32.0,12.1
45087,0.276,18.8,40.0,29.9,11.3
47041,0.276,19.9,40.9,22.5,16.7
51027,0.276,29.9,35.1,23.3,11.8
1123,0.277,19.3,32.7,29.5,18.4
1037,0.277,20.0,40.3,26.9,12.8
6103,0.277,15.5,30.1,38.7,15.7
17153,0.277,11.2,36.3,40.0,12.5
29209,0.277,12.8,32.9,35.7,18.6
30083,0.277,7.7,35.2,38.2,18.9
30069,0.277,1.1,39.4,26.9,32.6
31145,0.277,7.5,32.6,40.8,19.1
40105,0.277,11.1,44.0,33.4,11.5
47151,0.277,20.2,44.3,26.3,9.2
45015,0.277,10.6,29.4,34.9,25.0
47103,0.277,16.5,40.5,24.6,18.4
1043,0.278,18.4,34.1,33.6,13.9
18027,0.278,26.2,34.0,26.6,13.2
21001,0.278,20.4,39.0,24.9,15.7
37161,0.278,16.2,32.5,33.5,17.8
35005,0.278,21.8,27.7,32.5,18.0
49031,0.278,9.0,40.5,30.2,20.2
53051,0.278,8.9,31.0,39.4,20.8
13293,0.279,17.7,38.4,30.5,13.4
20107,0.279,10.3,38.9,34.7,16.2
28141,0.279,19.6,38.9,30.1,11.4
28093,0.279,17.9,38.8,29.5,13.8
42083,0.279,8.2,47.5,25.4,18.9
47177,0.279,20.5,43.3,21.6,14.5
47081,0.279,21.4,44.3,23.3,10.9
54039,0.279,11.3,37.1,26.1,25.5
54083,0.279,14.5,48.5,19.7,17.3
6015,0.28,19.9,31.0,34.2,14.8
8123,0.28,11.9,27.3,33.2,27.5
28109,0.28,16.2,30.4,36.7,16.7
29085,0.28,15.7,44.5,30.8,9.0
30039,0.28,7.8,31.5,31.8,28.9
47117,0.28,14.6,41.4,29.4,14.7
47083,0.28,22.8,47.1,17.1,13.0
51051,0.28,22.6,38.5,28.1,10.7
55119,0.28,11.6,43.4,29.8,15.1
54093,0.28,12.2,46.8,21.6,19.4
21219,0.281,22.5,40.5,23.7,13.2
29007,0.281,13.8,45.8,25.7,14.7
30065,0.281,8.5,42.8,32.5,16.3
29129,0.281,11.6,47.3,22.3,18.9
31175,0.281,7.7,34.2,33.9,24.2
40051,0.281,9.9,40.3,29.9,19.9
45061,0.281,18.5,41.5,24.2,15.9
47039,0.281,14.1,42.3,29.1,14.5
47091,0.281,20.2,41.6,26.6,11.6
12063,0.282,19.5,38.4,29.5,12.6
8047,0.282,1.5,21.4,37.5,39.6
12093,0.282,22.8,39.5,26.3,11.3
17079,0.282,10.2,39.1,34.1,16.6
20049,0.282,11.5,42.6,30.3,15.6
21231,0.282,25.4,38.7,23.6,12.3
22007,0.282,25.6,45.1,19.7,9.6
51061,0.282,7.5,26.6,29.5,36.4
40005,0.282,16.8,40.3,28.0,15.0
1095,0.283,18.4,31.1,31.1,19.4
13191,0.283,14.8,37.4,30.2,17.6
21203,0.283,21.6,43.4,23.6,11.4
28131,0.283,17.8,35.9,30.6,15.8
29081,0.283,11.8,46.0,25.7,16.5
31015,0.283,4.0,43.9,35.4,16.7
35057,0.283,15.4,37.7,32.0,14.8
38029,0.283,12.7,35.2,33.9,18.2
40135,0.283,18.7,38.6,28.2,14.4
45091,0.283,9.2,25.1,32.4,33.3
53059,0.283,8.4,30.4,36.8,24.5
13075,0.284,20.9,36.3,29.3,13.5
13261,0.284,18.6,34.7,28.5,18.3
12079,0.284,19.0,39.7,27.3,14.0
17035,0.284,9.4,40.1,35.1,15.4
18121,0.284,13.8,40.5,33.7,12.0
22097,0.284,23.3,41.2,20.8,14.8
22019,0.284,13.2,34.1,30.5,22.3
22031,0.284,17.4,42.6,25.1,14.8
22127,0.284,18.2,45.8,22.1,13.9
22117,0.284,20.5,44.7,23.2,11.6
27009,0.284,8.3,29.9,38.3,23.6
28067,0.284,15.9,29.9,33.4,20.8
47161,0.284,12.8,44.8,26.8,15.6
46119,0.284,4.4,33.7,36.9,25.0
1047,0.285,18.2,35.9,31.2,14.7
1129,0.285,17.4,43.1,26.9,12.7
13033,0.285,19.9,38.3,28.5,13.2
18103,0.285,13.9,42.0,31.1,13.0
21163,0.285,11.3,35.5,33.8,19.4
29101,0.285,7.5,30.7,32.9,28.9
29135,0.285,14.6,40.1,24.8,20.5
29187,0.285,15.2,37.2,33.3,14.3
29099,0.285,10.9,31.6,37.1,20.4
45059,0.285,19.1,33.8,30.9,16.2
47115,0.285,18.5,38.7,30.1,12.8
45029,0.285,13.4,45.4,26.6,14.6
8077,0.286,9.5,27.6,34.7,28.2
5111,0.286,19.7,43.1,26.2,11.1
17127,0.286,13.2,33.6,39.3,13.9
28009,0.286,27.4,33.4,27.7,11.5
30045,0.286,5.6,32.2,35.6,26.6
51181,0.286,15.0,36.2,28.1,20.6
5059,0.287,14.2,39.0,33.5,13.3
16063,0.287,23.4,33.3,33.1,10.3
18025,0.287,19.6,45.9,24.2,10.3
31045,0.287,3.9,25.7,33.5,36.9
45083,0.287,14.3,29.3,31.9,24.5
47069,0.287,20.4,46.8,21.7,11.2
56045,0.287,6.3,37.4,36.2,20.0
18079,0.288,12.2,45.8,30.0,12.0
21061,0.288,21.9,39.3,28.5,10.3
22069,0.288,11.6,35.1,34.2,19.0
28143,0.288,16.5,33.4,33.2,16.9
32017,0.288,13.8,34.3,32.3,19.6
51169,0.288,18.6,38.1,30.0,13.3
56003,0.288,10.3,29.1,41.6,19.0
1035,0.289,15.7,51.1,20.4,12.8
29021,0.289,11.7,37.8,29.4,21.1
12075,0.289,15.1,41.1,31.6,12.2
21051,0.289,35.3,35.3,19.5,9.8
20055,0.289,29.0,22.2,31.8,17.1
30025,0.289,5.4,37.5,38.1,19.0
31105,0.289,11.3,36.3,36.3,16.1
29079,0.289,13.5,39.0,30.3,17.1
39005,0.289,11.5,41.6,25.9,20.9
40013,0.289,13.6,32.8,31.8,21.9
47063,0.289,18.7,38.6,25.9,16.8
54045,0.289,20.2,43.9,25.9,10.0
5075,0.29,15.9,38.6,30.1,15.4
5137,0.29,18.8,34.9,32.4,13.9
8015,0.29,6.5,27.0,32.7,33.8
6047,0.29,30.9,25.3,30.1,13.8
21039,0.29,16.7,40.4,28.0,14.9
21187,0.29,20.7,46.4,21.9,10.9
29013,0.29,12.6,44.2,27.1,16.1
30029,0.29,5.3,29.4,34.3,31.0
37079,0.29,25.0,32.9,31.1,11.0
40055,0.29,16.1,36.5,35.1,12.3
54041,0.29,11.6,51.0,22.9,14.5
8071,0.291,12.1,29.5,38.8,19.5
5097,0.291,20.2,36.4,29.9,13.5
51013,0.291,5.7,7.8,11.2,75.3
28025,0.291,18.3,34.3,27.0,20.4
29157,0.291,12.3,43.3,26.7,17.7
37159,0.291,14.4,32.6,34.5,18.5
54099,0.291,20.3,40.6,24.1,15.1
54101,0.292,20.7,49.5,18.4,11.4
13179,0.292,9.3,31.6,40.9,18.3
18007,0.292,10.1,42.8,30.9,16.1
21053,0.292,26.8,39.8,23.2,10.3
28119,0.292,28.7,31.1,30.0,10.3
29041,0.292,9.3,49.4,24.1,17.2
32007,0.292,13.7,32.8,37.0,16.6
40081,0.292,12.8,40.8,30.9,15.5
45069,0.292,22.8,42.2,26.1,8.9
40139,0.292,27.7,25.7,24.5,22.1
46031,0.292,16.2,33.6,32.4,17.8
47019,0.292,16.5,38.6,27.4,17.5
51111,0.292,22.2,40.4,26.1,11.3
6115,0.293,17.7,23.6,41.6,17.1
21125,0.293,18.9,39.1,27.5,14.4
28059,0.293,11.3,31.2,36.4,21.1
37113,0.293,10.7,31.0,34.4,23.8
40079,0.293,16.5,41.1,27.8,14.6
47135,0.293,25.1,38.5,24.9,11.5
49045,0.293,8.7,29.3,37.7,24.2
1107,0.294,18.5,37.2,30.2,14.1
1015,0.294,15.6,32.8,33.2,18.5
21055,0.294,16.2,42.0,28.8,13.1
31123,0.294,12.5,32.3,35.7,19.5
39015,0.294,12.1,45.6,27.4,14.9
29029,0.295,9.6,37.9,31.4,21.1
8005,0.295,7.4,20.8,29.0,42.8
16053,0.295,22.8,30.6,30.5,16.1
29003,0.295,8.3,37.4,29.5,24.9
28107,0.295,19.4,36.6,29.1,14.9
29219,0.295,11.3,37.6,32.0,19.1
28117,0.295,19.9,34.5,33.3,12.4
28079,0.295,21.4,36.6,27.8,14.3
35021,0.295,14.6,26.5,37.2,21.7
39071,0.295,14.9,45.4,26.3,13.4
40045,0.295,14.2,34.5,31.2,20.1
37151,0.296,18.5,33.5,32.3,15.7
17055,0.296,11.1,33.0,39.2,16.7
18119,0.296,14.6,44.4,27.9,13.1
20075,0.296,19.2,39.9,22.2,18.7
22057,0.296,21.8,40.5,20.8,16.9
31037,0.296,30.7,28.9,24.9,15.4
47013,0.296,22.7,40.6,24.2,12.4
49007,0.296,8.4,27.1,47.3,17.1
31031,0.297,5.0,31.5,40.5,22.9
1069,0.297,14.0,31.2,33.1,21.7
8085,0.297,11.0,31.4,32.4,25.2
5083,0.297,13.8,45.1,27.8,13.3
17183,0.297,11.5,41.2,32.5,14.7
17065,0.297,12.9,34.9,35.2,17.0
27141,0.297,5.4,28.5,39.5,26.6
29141,0.297,21.9,38.1,26.7,13.3
29151,0.297,10.1,43.7,27.3,18.9
37029,0.297,13.5,29.4,40.0,17.1
46123,0.297,9.1,41.1,27.5,22.3
51650,0.297,8.6,29.1,35.5,26.9
5031,0.298,10.7,34.6,28.5,26.2
1081,0.298,9.1,23.7,31.8,35.3
16047,0.298,20.9,35.0,26.9,17.2
18085,0.298,14.3,34.8,27.5,23.3
18113,0.298,16.4,42.0,27.9,13.7
28127,0.298,20.3,30.1,33.4,16.2
28115,0.298,23.5,29.1,29.3,18.1
28033,0.298,9.6,29.2,36.2,25.0
31157,0.298,12.0,28.7,36.4,22.9
37193,0.298,19.9,31.7,32.6,15.8
45023,0.298,17.9,39.3,29.4,13.4
47077,0.298,17.3,42.3,26.1,14.4
51810,0.298,6.5,21.0,36.5,36.0
1003,0.299,9.2,27.7,31.3,31.9
8023,0.299,19.0,24.5,37.2,19.3
16039,0.299,10.1,26.8,44.4,18.7
18133,0.299,11.1,42.4,29.7,16.8
20175,0.299,33.7,28.7,26.6,11.0
24039,0.299,18.7,39.7,27.2,14.4
40129,0.299,11.6,36.4,35.9,16.2
47149,0.299,8.2,27.8,31.7,32.2
47155,0.299,15.0,37.2,30.3,17.4
47031,0.299,14.6,38.5,26.5,20.5
32009,0.3,11.7,40.6,31.6,16.1
17069,0.3,20.4,32.3,36.5,10.8
20011,0.3,8.7,31.5,38.2,21.7
21077,0.3,18.8,44.2,25.4,11.6
49001,0.3,11.1,32.6,35.3,21.1
40149,0.3,9.9,41.5,27.8,20.8
47053,0.3,14.7,39.1,27.8,18.4
49053,0.3,7.1,23.4,41.5,28.1
5053,0.301,9.2,43.8,28.3,18.7
18055,0.301,12.1,41.1,31.9,14.9
28081,0.301,16.4,25.9,33.3,24.4
38047,0.301,12.0,33.2,35.1,19.6
42007,0.301,6.9,36.8,31.6,24.7
46095,0.301,18.4,40.0,29.6,12.0
50003,0.301,8.8,29.1,25.9,36.2
53003,0.301,8.6,28.0,42.0,21.4
1085,0.302,21.7,39.6,24.0,14.7
1103,0.302,15.9,30.4,31.3,22.4
12019,0.302,8.2,31.0,35.8,24.9
16045,0.302,12.2,37.0,33.4,17.5
16029,0.302,8.8,32.4,39.9,19.0
17173,0.302,7.7,44.4,31.0,16.8
17145,0.302,16.7,36.6,34.2,12.5
18039,0.302,19.2,34.7,26.3,19.8
20161,0.302,4.2,19.1,31.1,45.6
21223,0.302,17.2,46.3,22.4,14.1
22119,0.302,16.1,42.0,26.5,15.4
45007,0.302,14.7,31.2,31.8,22.2
47071,0.302,18.5,42.1,24.4,15.0
47123,0.302,17.6,41.5,27.5,13.4
49003,0.302,6.9,31.0,38.1,23.9
54067,0.302,13.1,48.0,23.3,15.6
40153,0.303,12.3,39.9,28.4,19.4
38089,0.303,9.5,32.1,35.9,22.4
40097,0.303,13.5,39.5,32.7,14.3
49013,0.303,11.2,36.7,37.4,14.7
54005,0.303,20.3,49.7,20.4,9.7
5023,0.304,14.1,42.8,27.6,15.5
16027,0.304,14.9,32.1,34.4,18.7
22045,0.304,20.1,43.7,22.7,13.6
31057,0.304,16.9,24.3,35.6,23.3
46045,0.304,6.9,34.5,32.3,26.3
42099,0.304,12.6,47.4,23.4,16.7
46129,0.304,10.0,38.0,27.1,24.9
49015,0.304,6.2,30.2,47.3,16.3
55019,0.304,17.7,39.8,29.9,12.6
28027,0.305,20.5,25.2,37.9,16.5
5145,0.305,15.6,39.3,24.2,20.9
30051,0.305,29.8,21.5,33.5,15.2
31019,0.305,6.9,25.6,32.9,34.6
35011,0.305,15.7,36.2,35.0,13.0
37123,0.305,20.5,34.6,29.3,15.7
47143,0.305,19.2,36.8,27.0,16.9
45009,0.305,19.7,32.5,29.0,18.8
47139,0.305,17.6,39.4,31.1,11.9
47043,0.305,16.3,41.8,25.7,16.2
47181,0.305,19.8,46.6,23.8,9.7
5055,0.306,11.8,45.9,26.2,16.2
5027,0.306,14.1,41.7,24.5,19.6
17025,0.306,12.0,38.6,34.4,15.0
21169,0.306,24.4,38.6,24.0,13.0
22105,0.306,16.4,37.2,26.5,20.0
30089,0.306,11.2,41.9,29.1,17.9
28151,0.307,21.2,32.3,28.6,17.9
1071,0.307,16.8,41.0,28.2,14.0
16087,0.307,15.0,33.8,34.9,16.3
37047,0.307,17.0,36.3,32.8,13.8
29121,0.307,11.8,45.1,26.8,16.3
32015,0.307,11.7,38.0,37.9,12.4
40037,0.307,12.6,40.0,30.4,17.0
47165,0.307,10.3,30.9,30.7,28.1
2170,0.308,7.1,33.1,38.3,21.6
12129,0.308,12.3,36.2,33.2,18.3
12131,0.308,10.9,28.5,32.1,28.5
26059,0.308,11.8,38.9,32.0,17.3
29049,0.308,8.0,40.0,30.3,21.6
31149,0.308,3.3,34.0,39.5,23.2
46033,0.308,6.4,35.0,35.1,23.5
39149,0.308,9.8,41.3,30.2,18.7
40147,0.308,9.6,34.0,27.9,28.5
18073,0.309,11.8,43.2,30.8,14.3
18175,0.309,15.0,43.1,28.5,13.4
41037,0.309,13.5,34.5,35.6,16.4
42067,0.309,16.7,48.8,20.0,14.5
50023,0.309,6.3,26.9,24.9,41.8
35027,0.31,10.5,29.9,33.9,25.8
1087,0.31,18.2,30.2,31.2,20.4
22109,0.31,21.0,38.9,24.4,15.6
22101,0.31,17.2,51.0,21.6,10.2
42117,0.31,9.6,45.3,26.0,19.1
45005,0.31,20.2,45.9,24.7,9.2
56023,0.31,7.2,31.8,37.3,23.7
1067,0.311,20.6,32.6,29.8,17.1
56031,0.311,8.9,38.3,32.1,20.7
5141,0.311,14.9,42.6,28.0,14.5
12005,0.311,9.3,31.0,35.9,23.7
16051,0.311,9.8,25.5,40.0,24.7
17081,0.311,12.6,30.6,38.9,17.9
18049,0.311,12.2,40.6,31.3,15.8
21137,0.311,20.1,42.7,24.2,13.0
21147,0.311,23.4,40.9,28.4,7.2
27027,0.311,5.1,23.7,37.0,34.2
29009,0.311,16.4,41.3,27.7,14.6
29133,0.311,24.3,41.8,22.3,11.5
39163,0.311,19.3,43.7,24.2,12.8
53075,0.311,4.5,15.9,29.8,49.8
5015,0.312,13.7,35.9,29.1,21.2
17047,0.312,8.0,34.5,43.5,13.9
18041,0.312,17.9,42.1,26.7,13.3
18159,0.312,10.7,40.8,23.8,24.7
21201,0.312,15.3,38.3,30.1,16.3
37065,0.312,18.9,37.5,30.1,13.6
37181,0.312,19.6,37.0,28.5,14.8
47073,0.312,15.6,42.7,27.9,13.7
56015,0.312,7.9,28.2,38.1,25.9
55031,0.312,6.3,31.1,38.5,24.1
51710,0.312,12.0,25.6,33.6,28.8
5133,0.313,23.5,37.5,26.3,12.8
16035,0.313,9.6,35.5,37.1,17.9
21183,0.313,16.7,43.0,26.7,13.6
40111,0.313,13.7,36.0,36.2,14.1
1097,0.314,13.5,34.0,29.3,23.2
5085,0.314,10.9,36.7,31.8,20.6
17091,0.314,11.8,34.4,33.0,20.8
26073,0.314,8.5,31.8,30.6,29.1
28061,0.314,15.8,38.5,30.6,15.1
28123,0.314,26.0,37.5,25.1,11.4
29225,0.314,13.9,37.3,32.0,16.8
39065,0.314,10.5,48.0,25.2,16.2
37071,0.315,15.2,30.7,32.9,21.2
5051,0.315,10.9,31.4,36.0,21.6
5139,0.315,15.1,35.5,28.3,21.1
18033,0.315,9.8,42.2,30.0,18.0
21083,0.315,12.6,39.5,30.6,17.4
20207,0.315,9.3,35.2,38.3,17.2
45001,0.315,18.3,34.0,32.0,15.6
47185,0.315,16.8,45.7,25.2,12.3
47145,0.315,11.1,36.3,32.9,19.8
6073,0.316,12.6,18.2,30.4,38.8
26027,0.316,12.3,33.2,35.4,19.2
22015,0.316,10.3,29.7,34.8,25.2
26117,0.316,11.3,40.4,34.9,13.3
28159,0.316,18.3,35.7,31.2,14.7
29211,0.316,15.7,50.2,22.4,11.7
55107,0.316,12.0,41.5,29.9,16.6
42109,0.316,13.4,45.6,21.3,19.8
49049,0.316,5.4,16.4,37.4,40.8
54057,0.316,7.8,49.2,27.5,15.5
5149,0.317,21.8,40.0,25.3,12.8
16043,0.317,13.4,30.2,34.7,21.7
17029,0.317,8.6,30.5,34.9,26.0
29161,0.317,11.7,30.4,28.7,29.1
31067,0.317,10.0,35.7,33.5,20.8
49041,0.317,9.4,32.8,39.4,18.5
32023,0.318,13.9,38.9,36.4,10.7
1059,0.318,22.8,36.6,26.6,14.0
1127,0.318,18.2,37.5,33.0,11.3
17105,0.318,10.1,44.7,30.4,14.8
22061,0.318,11.5,26.8,26.0,35.6
26115,0.318,8.6,35.2,35.7,20.5
26107,0.318,9.8,36.0,31.5,22.7
28017,0.318,24.6,38.4,24.6,12.4
40069,0.318,14.0,34.9,31.0,20.1
42015,0.318,9.9,47.0,24.4,18.7
51103,0.318,9.6,30.7,28.2,31.5
54077,0.318,13.2,47.2,22.7,16.9
56037,0.318,7.2,33.0,37.2,22.5
1075,0.319,17.7,39.8,30.6,11.9
12113,0.319,8.7,26.8,36.8,27.7
12105,0.319,15.0,34.7,30.1,20.2
18017,0.319,14.6,39.9,32.1,13.3
18143,0.319,16.8,43.5,27.7,12.0
28043,0.319,19.2,27.8,31.6,21.3
37069,0.319,13.8,29.8,34.4,22.0
39031,0.319,14.5,47.3,25.0,13.2
37073,0.319,10.9,37.9,36.8,14.3
45003,0.32,12.0,32.8,28.8,26.4
2016,0.32,10.5,39.0,33.4,17.0
8051,0.32,2.6,15.9,25.3,56.2
17149,0.32,11.3,38.7,32.2,17.8
37031,0.32,8.4,25.6,36.9,29.1
40029,0.32,17.3,41.6,23.7,17.3
35007,0.32,11.8,29.4,37.1,21.7
45033,0.32,24.7,39.0,25.2,11.1
47021,0.32,13.0,37.1,28.8,21.0
2013,0.321,14.5,43.5,30.5,11.5
8065,0.321,16.3,25.8,25.6,32.3
28037,0.321,15.4,35.4,37.2,12.0
31017,0.321,4.9,40.8,33.6,20.7
29097,0.321,13.3,33.6,29.6,23.6
37057,0.321,16.1,32.8,32.6,18.5
47075,0.321,18.0,47.0,23.9,11.0
46061,0.321,7.8,37.3,36.5,18.5
47005,0.321,17.6,46.4,23.7,12.3
54107,0.321,10.1,34.4,33.6,21.9
18075,0.322,12.0,48.9,27.7,11.4
17045,0.322,9.9,37.3,35.5,17.2
22001,0.322,21.0,41.3,24.3,13.3
32001,0.322,8.4,31.6,41.2,18.8
37045,0.322,15.8,34.4,32.3,17.6
45011,0.322,20.2,35.4,31.9,12.5
40061,0.322,15.3,37.4,31.2,16.2
54025,0.322,14.0,37.8,28.3,19.9
31061,0.323,7.5,35.3,39.9,17.3
16071,0.323,9.8,34.9,38.2,17.1
21087,0.323,24.5,37.8,24.5,13.2
28095,0.323,19.0,36.0,28.3,16.7
45085,0.323,14.5,30.8,35.4,19.3
40151,0.323,10.2,29.9,29.6,30.3
42113,0.323,10.4,47.7,24.7,17.2
45035,0.323,10.3,27.3,34.2,28.2
1079,0.324,20.7,41.2,25.5,12.6
18001,0.324,15.3,40.6,28.7,15.5
17121,0.324,11.0,35.2,38.6,15.2
28001,0.324,22.1,33.0,27.4,17.4
31041,0.324,6.6,30.0,39.4,24.0
47033,0.324,18.8,40.5,26.8,13.8
53021,0.324,25.0,25.5,31.8,17.7
12045,0.325,14.5,35.8,30.4,19.2
42115,0.325,10.2,45.0,26.3,18.6
5123,0.325,18.1,37.6,33.9,10.4
17171,0.325,6.5,47.7,29.9,15.8
18107,0.325,10.2,41.3,30.3,18.2
18153,0.325,11.3,44.2,32.4,12.1
20057,0.325,26.4,25.3,30.6,17.7
22073,0.325,13.5,34.1,28.2,24.2
20199,0.325,5.3,25.8,36.4,32.4
21165,0.325,22.6,44.7,21.5,11.2
40021,0.325,13.5,31.3,28.9,26.3
8041,0.326,5.8,20.4,35.3,38.5
12037,0.326,19.3,34.6,27.3,18.8
21043,0.326,20.8,40.3,26.3,12.6
28113,0.326,16.8,35.9,30.7,16.6
28031,0.326,16.8,36.6,31.9,14.7
29053,0.326,11.3,37.5,29.0,22.1
1025,0.327,19.4,41.8,26.6,12.2
5071,0.327,21.1,40.7,22.9,15.4
21191,0.327,16.2,43.8,26.8,13.2
26133,0.327,11.3,43.8,30.7,14.2
31143,0.327,8.6,31.0,38.5,21.8
31001,0.327,10.0,28.1,37.6,24.3
37023,0.327,18.4,31.4,33.8,16.4
40009,0.327,14.5,36.2,32.5,16.8
40085,0.327,17.6,41.6,27.3,13.5
39127,0.327,12.7,47.5,27.7,12.2
45027,0.327,21.5,36.5,26.9,15.1
46057,0.327,8.2,42.5,28.3,21.0
5003,0.328,16.7,43.7,27.3,12.3
2185,0.328,10.3,43.0,30.2,16.5
20149,0.328,5.8,29.1,31.4,33.8
21123,0.328,16.0,39.2,32.4,12.4
26087,0.328,9.1,35.8,36.8,18.3
37139,0.328,13.0,32.0,32.9,22.1
37015,0.328,21.6,38.1,26.6,13.6
38061,0.328,7.6,33.9,38.1,20.4
38083,0.328,12.5,37.5,35.4,14.6
51065,0.328,8.9,24.1,33.0,33.9
53041,0.328,12.5,29.1,40.7,17.7
5107,0.329,19.7,31.9,34.6,13.8
5115,0.329,15.5,35.2,26.5,22.8
21003,0.329,17.9,38.5,27.5,16.1
21035,0.329,10.5,32.1,28.9,28.5
22067,0.329,20.5,42.9,23.7,13.0
21127,0.329,24.9,42.5,22.8,9.8
30077,0.329,10.6,37.8,31.1,20.4
40063,0.329,17.8,40.3,28.9,12.9
37187,0.329,16.3,37.4,34.8,11.5
42035,0.329,10.7,45.5,24.3,19.5
47017,0.329,15.9,42.2,23.9,18.0
42123,0.329,7.1,45.4,27.9,19.5
51105,0.329,23.3,34.5,31.1,11.2
51075,0.329,8.6,23.8,25.7,41.8
1119,0.33,13.3,35.4,29.8,21.6
22111,0.33,14.3,44.8,23.6,17.2
28021,0.33,19.7,28.0,28.4,24.0
28075,0.33,15.5,27.5,37.3,19.7
29027,0.33,13.8,36.1,27.0,23.1
29057,0.33,12.8,44.8,29.7,12.7
29083,0.33,12.2,40.7,31.3,15.9
31135,0.33,12.0,25.8,34.2,28.1
37109,0.33,12.1,31.1,33.8,23.0
46011,0.33,5.0,25.2,29.5,40.3
40019,0.33,12.0,36.7,30.8,20.5
47147,0.33,12.8,38.1,29.5,19.6
49027,0.33,11.9,30.6,36.9,20.6
1063,0.331,20.8,38.6,30.5,10.1
17191,0.331,12.1,34.9,37.7,15.4
21029,0.331,11.5,41.6,32.1,14.7
21233,0.331,17.5,47.0,25.4,10.0
28097,0.331,22.1,33.3,25.3,19.3
29043,0.331,8.0,29.4,34.0,28.6
30021,0.331,7.0,34.2,36.7,22.2
31137,0.331,6.7,29.9,39.9,23.5
32013,0.331,17.6,30.8,34.8,16.8
30099,0.331,8.0,31.8,35.3,24.9
35061,0.331,15.5,33.0,32.9,18.5
39037,0.331,9.2,46.9,28.2,15.8
47157,0.331,11.6,27.5,29.3,31.6
46071,0.331,17.6,33.5,31.1,17.8
27065,0.332,9.8,39.4,36.1,14.7
35047,0.332,16.7,27.6,34.2,21.4
37177,0.332,26.0,36.5,27.0,10.6
17023,0.332,7.2,40.0,33.0,19.9
20195,0.332,6.8,31.1,37.3,24.8
21129,0.332,31.9,36.3,23.5,8.3
36003,0.332,9.2,36.7,33.3,20.9
38075,0.332,4.7,34.1,41.1,20.1
42103,0.332,7.0,34.3,31.8,26.8
22055,0.333,11.4,30.4,25.2,33.0
5005,0.333,11.3,36.3,34.5,17.9
1077,0.333,12.6,36.0,27.9,23.5
18053,0.333,12.8,40.5,28.9,17.9
18169,0.333,11.2,42.6,28.0,18.1
21089,0.333,11.0,36.0,35.9,17.1
20021,0.333,10.1,32.7,37.5,19.6
30017,0.333,8.0,28.7,38.6,24.6
28155,0.333,15.1,36.6,29.7,18.5
29103,0.333,13.1,43.2,26.5,17.2
33011,0.333,7.9,25.8,28.2,38.1
42121,0.333,9.8,48.0,23.4,18.7
40119,0.333,7.8,27.4,27.3,37.4
13039,0.334,8.7,32.2,35.3,23.9
17021,0.334,10.3,41.8,30.8,17.1
17041,0.334,16.8,33.4,31.0,18.9
21115,0.334,19.4,36.3,28.0,16.3
20081,0.334,27.6,19.3,36.0,17.1
21027,0.334,15.9,44.9,27.2,11.9
22083,0.334,21.7,40.9,24.2,13.2
20039,0.334,6.0,35.4,36.1,22.5
28087,0.334,14.0,32.0,30.6,23.4
29159,0.334,13.5,34.8,33.7,18.0
30057,0.334,4.6,30.8,33.4,31.2
37121,0.334,14.8,33.0,31.7,20.5
29117,0.334,13.3,39.8,28.1,18.8
46039,0.334,8.9,36.9,32.0,22.2
40053,0.334,9.3,36.9,29.1,24.6
53013,0.334,8.8,21.7,43.9,25.6
5043,0.335,13.1,35.3,28.8,22.8
16041,0.335,9.7,37.8,34.8,17.7
17061,0.335,9.4,47.6,30.2,12.8
31141,0.335,11.1,29.8,37.4,21.8
22087,0.335,19.8,32.6,36.0,11.6
31073,0.335,7.0,27.5,35.9,29.5
41021,0.335,10.0,30.5,42.0,17.4
39117,0.335,12.3,43.9,29.9,13.8
41045,0.335,18.9,31.4,36.0,13.7
42063,0.335,10.0,43.2,23.8,23.0
40095,0.335,20.9,35.6,28.6,14.8
45077,0.335,14.7,29.1,30.3,26.0
47025,0.335,19.9,38.0,26.0,16.1
51191,0.335,14.3,34.3,28.6,22.8
35023,0.336,17.7,35.1,32.5,14.6
6089,0.336,8.9,25.4,43.5,22.2
17157,0.336,15.7,37.3,33.7,13.3
31003,0.336,7.0,33.8,40.8,18.4
37003,0.336,17.6,38.7,29.5,14.2
40071,0.336,13.2,32.4,35.5,18.9
47089,0.336,14.7,39.1,29.5,16.8
4025,0.337,9.0,25.8,39.3,25.9
22079,0.337,14.5,36.7,27.9,20.9
22013,0.337,15.9,44.5,26.7,12.8
31179,0.337,4.0,27.5,36.1,32.4
40073,0.337,11.7,38.3,27.6,22.4
5007,0.338,11.4,29.2,26.1,33.4
16003,0.338,9.8,34.9,34.2,21.2
17049,0.338,6.9,35.8,34.5,22.7
18099,0.338,15.1,38.8,26.5,19.7
20043,0.338,9.7,36.8,32.4,21.1
20119,0.338,19.3,26.4,34.0,20.3
22035,0.338,29.5,40.5,21.1,8.9
28029,0.338,19.8,34.4,31.3,14.5
28053,0.338,30.1,33.8,23.3,12.8
29186,0.338,10.6,39.3,30.3,19.7
37097,0.338,10.7,28.3,32.6,28.4
37157,0.338,17.3,34.9,32.7,15.1
40121,0.338,13.0,38.2,32.7,16.1
55093,0.338,4.9,32.1,33.9,29.2
54071,0.338,18.6,51.3,16.1,14.1
5019,0.339,10.0,30.2,33.1,26.6
6029,0.339,25.9,27.8,29.9,16.4
16083,0.339,12.9,27.2,39.3,20.6
21019,0.339,11.8,33.9,35.0,19.4
22123,0.339,21.2,45.7,21.4,11.7
28105,0.339,9.3,21.7,26.4,42.6
28023,0.339,17.1,39.4,31.0,12.5
31181,0.339,6.2,35.5,35.3,23.0
38011,0.339,10.9,34.6,30.2,24.2
37165,0.339,19.8,33.9,30.8,15.5
39047,0.339,14.3,45.9,23.5,16.3
45055,0.339,12.2,36.5,31.0,20.3
49057,0.339,9.4,29.6,36.6,24.5
4021,0.34,14.2,29.3,37.0,19.5
6099,0.34,21.1,29.3,32.5,17.1
8105,0.34,13.0,32.1,30.5,24.5
13133,0.34,14.7,33.4,25.1,26.9
21057,0.34,18.2,43.0,25.4,13.3
28133,0.34,25.1,32.2,27.3,15.4
31151,0.34,16.5,33.3,32.4,17.8
39087,0.34,12.5,43.9,28.7,14.9
40131,0.34,8.0,32.1,35.1,24.9
40033,0.34,15.5,41.8,28.9,13.7
47059,0.34,15.3,41.5,26.5,16.7
53019,0.34,13.0,34.9,33.3,18.8
56025,0.34,7.5,30.3,39.3,22.8
1101,0.341,13.3,25.0,28.4,33.4
8031,0.341,12.0,16.8,21.7,49.4
17099,0.341,11.4,35.6,35.1,17.8
20193,0.341,6.7,26.4,44.3,22.6
31047,0.341,22.0,31.6,30.6,15.8
34011,0.341,20.6,39.4,24.4,15.6
29510,0.341,12.2,23.9,27.5,36.3
37149,0.341,9.2,25.1,36.6,29.1
45067,0.341,21.1,42.0,23.4,13.5
5047,0.342,16.3,41.0,30.6,12.1
1033,0.342,14.8,37.8,29.2,18.1
5125,0.342,9.4,31.4,32.6,26.7
6077,0.342,20.7,28.3,32.2,18.8
17109,0.342,6.4,31.2,30.1,32.2
21095,0.342,27.2,34.6,27.4,10.8
30027,0.342,7.3,28.5,35.1,29.1
41013,0.342,10.0,33.3,36.9,19.8
37163,0.342,20.7,34.2,31.4,13.7
42055,0.342,11.7,43.1,23.5,21.6
56043,0.342,10.2,29.8,36.6,23.4
16017,0.343,9.2,29.8,37.2,23.8
18179,0.343,7.8,40.2,33.8,18.2
20179,0.343,3.9,34.1,40.0,22.0
21199,0.343,17.2,35.7,30.7,16.5
21101,0.343,13.1,36.0,32.7,18.2
22017,0.343,13.0,33.7,29.8,23.5
28101,0.343,14.8,30.9,37.9,16.4
26123,0.343,11.9,40.4,31.1,16.6
38057,0.343,8.6,27.0,42.7,21.7
39135,0.343,9.6,43.9,30.2,16.3
46081,0.343,6.5,29.6,28.9,35.0
46103,0.343,6.5,27.5,34.5,31.5
47079,0.343,14.1,45.6,23.9,16.5
49005,0.343,6.9,20.2,34.6,38.3
5143,0.344,15.0,25.7,26.0,33.3
17139,0.344,15.3,33.4,32.7,18.6
20069,0.344,22.6,22.5,34.6,20.2
20005,0.344,7.3,38.4,32.3,22.0
35035,0.344,16.6,27.3,38.7,17.5
39121,0.344,15.3,47.9,26.9,9.9
46015,0.344,11.1,31.4,30.4,27.1
47047,0.344,13.8,32.1,31.9,22.2
1105,0.345,17.2,36.9,23.1,22.8
5061,0.345,14.8,38.4,33.3,13.6
1011,0.345,25.3,40.3,22.3,12.1
12055,0.345,14.3,38.8,29.8,17.2
17135,0.345,12.3,39.3,31.7,16.7
20009,0.345,10.5,32.0,36.6,20.9
20143,0.345,5.1,35.4,35.1,24.5
20125,0.345,11.2,29.2,40.1,19.5
22005,0.345,11.4,32.3,29.9,26.4
21189,0.345,31.2,36.8,15.8,16.2
29227,0.345,10.2,43.6,26.2,20.0
37191,0.345,15.5,30.5,35.0,19.0
47125,0.345,7.1,28.5,36.0,28.5
47109,0.345,17.4,45.4,24.6,12.6
49019,0.345,6.7,28.5,36.2,28.6
18067,0.346,10.5,35.9,32.0,21.6
17039,0.346,8.5,37.8,32.5,21.3
21075,0.346,20.9,37.4,28.2,13.4
21081,0.346,13.4,47.4,26.3,12.9
28121,0.346,10.5,26.7,33.8,29.0
37025,0.346,10.1,25.2,32.5,32.3
37027,0.346,20.0,32.5,31.7,15.7
40125,0.346,12.0,36.5,33.2,18.3
41061,0.346,7.3,32.2,36.0,24.5
40145,0.346,9.4,32.9,34.5,23.2
5045,0.347,8.2,30.5,30.8,30.6
5021,0.347,17.5,41.9,28.0,12.6
6071,0.347,20.0,26.3,32.7,21.0
16023,0.347,7.2,36.0,40.6,16.2
19051,0.347,16.9,32.5,31.1,19.5
18093,0.347,11.7,42.3,30.2,15.8
20191,0.347,7.7,34.9,34.1,23.3
22093,0.347,14.6,41.1,27.9,16.3
21227,0.347,11.9,26.6,29.3,32.2
26095,0.347,11.6,36.8,33.2,18.4
31121,0.347,5.8,35.3,41.1,17.8
28007,0.347,22.4,32.4,31.2,13.9
31139,0.347,4.6,33.3,39.0,23.2
49051,0.347,5.4,21.8,32.9,39.9
5037,0.348,16.4,41.5,27.7,14.4
8049,0.348,5.4,26.8,29.8,38.0
12033,0.348,9.5,27.2,36.7,26.5
21013,0.348,30.4,38.5,22.0,9.2
29087,0.348,8.9,43.3,28.1,19.7
30079,0.348,12.0,30.7,35.0,22.2
37195,0.348,19.7,31.5,29.2,19.6
30097,0.348,5.4,36.6,32.6,25.4
39091,0.348,7.4,48.4,27.6,16.5
17037,0.349,7.7,24.9,35.1,32.3
18009,0.349,10.6,49.6,26.4,13.5
40047,0.349,12.1,36.2,28.8,22.9
39107,0.349,7.9,45.3,28.5,18.3
56041,0.349,7.3,41.5,35.2,16.0
55137,0.349,13.2,42.0,28.6,16.3
54055,0.349,16.5,39.5,24.6,19.4
16055,0.35,6.8,27.2,40.7,25.2
16025,0.35,6.7,43.2,33.9,16.3
18165,0.35,9.0,43.4,33.4,14.2
20159,0.35,8.4,29.3,39.5,22.8
28047,0.35,11.7,29.1,36.1,23.1
29147,0.35,7.7,37.7,26.1,28.6
29107,0.35,9.4,43.5,26.8,20.3
33017,0.35,7.2,27.6,29.4,35.8
40067,0.35,16.8,41.4,27.0,14.7
41009,0.35,8.7,33.8,39.0,18.5
41033,0.35,9.6,31.0,41.9,17.5
47189,0.35,8.4,29.0,30.2,32.4
37075,0.351,18.1,36.3,32.7,12.9
26135,0.351,16.6,37.4,35.4,10.6
29089,0.351,12.1,37.1,25.7,25.2
37131,0.351,19.6,38.5,28.1,13.8
38013,0.351,7.4,27.8,42.1,22.8
37133,0.352,8.5,30.0,38.6,22.9
18097,0.352,13.9,28.0,27.2,30.9
19053,0.352,10.9,37.5,26.6,25.0
22047,0.352,20.4,41.3,24.4,13.9
29077,0.352,8.2,28.0,33.3,30.5
29127,0.352,12.0,37.0,28.7,22.4
38005,0.352,13.7,29.5,40.7,16.2
39157,0.352,14.0,44.7,23.9,17.4
39115,0.352,14.7,43.9,31.2,10.2
18023,0.353,14.3,43.2,26.1,16.3
20181,0.353,7.7,30.3,40.3,21.8
21235,0.353,18.6,36.9,24.1,20.4
27153,0.353,13.0,36.7,35.2,15.1
37153,0.353,19.1,32.2,33.0,15.7
47057,0.353,21.4,42.8,25.1,10.7
50017,0.353,8.2,36.2,26.6,29.1
18071,0.354,12.7,41.9,28.7,16.7
12053,0.354,12.1,35.2,34.2,18.4
20153,0.354,4.2,29.8,41.9,24.1
18171,0.354,8.0,41.8,30.8,19.4
26085,0.354,17.6,40.6,30.0,11.9
27119,0.354,8.1,30.6,35.9,25.3
26057,0.354,8.9,40.4,35.3,15.4
30019,0.354,4.7,37.0,34.3,24.0
37101,0.354,13.1,27.8,36.2,22.9
31035,0.354,8.5,34.4,37.2,19.9
39019,0.354,10.5,49.7,26.5,13.3
39139,0.354,13.1,39.4,29.3,18.3
41025,0.354,8.4,36.6,36.6,18.4
45031,0.354,17.6,35.1,28.8,18.4
37053,0.355,9.5,28.8,38.3,23.5
40101,0.355,14.7,34.4,30.4,20.4
12091,0.355,7.6,24.7,36.5,31.1
21025,0.355,24.4,36.7,23.7,15.2
21119,0.355,24.9,33.7,26.5,14.9
39105,0.355,16.4,41.8,28.7,13.1
42031,0.355,9.9,46.5,21.5,22.1
45073,0.355,15.1,29.0,30.0,25.8
42001,0.355,11.2,39.9,26.6,22.3
42011,0.355,13.3,36.7,25.1,24.9
6005,0.356,10.0,27.5,43.3,19.3
13051,0.356,10.1,24.2,32.1,33.6
17107,0.356,11.3,35.3,33.5,19.9
17075,0.356,10.5,39.8,33.8,15.9
22121,0.356,12.8,37.2,28.0,22.0
21009,0.356,17.0,42.0,24.7,16.3
27115,0.356,9.6,40.7,34.9,14.9
29139,0.356,14.8,44.7,26.5,14.0
31033,0.356,6.4,27.6,40.6,25.4
39003,0.356,9.7,38.8,32.5,18.9
45071,0.356,18.0,36.0,28.1,17.9
39169,0.356,13.5,39.0,25.3,22.2
47035,0.356,14.2,37.7,29.7,18.5
39131,0.356,19.8,40.2,27.4,12.6
46125,0.356,8.0,33.7,34.6,23.7
51199,0.356,5.3,18.9,28.7,47.1
50027,0.356,6.6,29.1,26.1,38.2
51113,0.356,13.9,36.3,26.4,23.4
55109,0.356,3.8,24.6,36.2,35.4
18035,0.357,10.3,35.1,30.9,23.7
21031,0.357,20.4,42.9,22.8,13.9
19123,0.357,7.8,39.6,30.6,22.0
20001,0.357,8.1,33.1,38.5,20.3
20167,0.357,11.9,27.2,37.7,23.1
26149,0.357,13.0,36.6,34.3,16.2
29201,0.357,15.0,41.6,27.0,16.3
31065,0.357,11.3,33.0,38.3,17.4
39077,0.357,11.5,46.2,28.0,14.4
45039,0.357,13.8,41.3,28.0,16.9
42089,0.357,10.4,35.1,29.9,24.7
31163,0.358,7.0,36.2,36.5,20.2
8083,0.358,10.0,29.3,31.2,29.6
26129,0.358,14.1,38.2,35.5,12.2
29001,0.358,9.9,34.4,24.6,31.0
39083,0.358,8.7,39.8,28.5,23.0
47129,0.358,19.7,48.5,22.4,9.4
21153,0.359,30.3,36.4,23.8,9.5
1131,0.359,23.5,39.5,24.5,12.5
21211,0.359,13.5,30.3,31.3,24.9
26151,0.359,11.6,41.2,33.0,14.2
26157,0.359,10.7,42.4,33.5,13.5
39013,0.359,9.8,42.4,31.1,16.7
39067,0.359,13.2,47.9,27.3,11.6
40099,0.359,15.8,38.0,28.8,17.4
41015,0.359,9.7,27.4,38.3,24.6
16079,0.36,13.8,37.0,37.7,11.5
12111,0.36,13.7,33.2,31.5,21.6
17165,0.36,13.3,27.5,40.0,19.2
18147,0.36,9.5,46.0,29.2,15.2
20023,0.36,6.4,30.9,33.8,28.9
25003,0.36,8.7,29.4,28.4,33.6
37039,0.36,12.8,33.8,34.3,19.0
37103,0.36,18.9,34.4,34.6,12.2
39011,0.36,7.3,43.5,30.3,18.9
42073,0.36,9.2,43.3,25.4,22.1
51107,0.36,6.1,12.4,20.2,61.3
56007,0.36,9.0,38.2,32.3,20.6
20015,0.361,7.5,25.9,36.9,29.8
21221,0.361,12.0,33.2,38.3,16.6
41059,0.361,17.6,28.5,36.7,17.2
39027,0.361,11.7,39.1,30.3,18.9
37197,0.361,17.7,33.8,36.9,11.6
40031,0.361,10.0,32.8,35.1,22.2
45075,0.361,14.1,31.2,34.8,19.9
46115,0.361,8.9,37.2,32.1,21.8
18183,0.362,8.2,39.2,31.9,20.7
21085,0.362,18.5,43.0,28.0,10.5
20003,0.362,9.0,42.0,30.9,18.1
29115,0.362,10.6,45.7,26.8,16.9
29037,0.362,7.6,33.9,32.2,26.3
37041,0.362,13.2,33.4,31.7,21.7
41029,0.362,9.9,26.1,36.2,27.8
42111,0.362,11.8,49.8,22.6,15.9
42061,0.362,10.5,48.8,23.2,17.4
47137,0.362,25.6,38.2,26.7,9.4
42059,0.362,12.5,46.0,23.9,17.6
47009,0.362,10.9,34.6,30.3,24.2
36073,0.363,12.3,38.3,33.2,16.2
31083,0.363,7.0,27.2,43.5,22.4
10001,0.363,12.6,32.9,30.8,23.7
19101,0.363,6.8,28.0,33.7,31.5
18135,0.363,12.5,43.4,29.7,14.3
21065,0.363,24.4,45.8,20.0,9.9
41043,0.363,10.5,29.0,41.2,19.3
38059,0.363,8.1,29.4,35.7,26.9
54109,0.364,19.8,48.7,22.2,9.3
1045,0.364,13.9,32.3,35.7,18.1
6009,0.364,9.8,28.0,43.9,18.3
5103,0.364,14.0,41.6,30.0,14.5
17193,0.364,10.1,37.4,37.1,15.5
18131,0.364,11.5,46.1,29.7,12.8
19177,0.364,10.8,38.9,35.8,14.4
20059,0.364,7.8,37.6,34.2,20.4
21079,0.364,19.0,37.1,26.4,17.6
29015,0.364,15.5,40.3,31.2,13.0
30071,0.364,9.1,39.5,34.2,17.2
41035,0.364,11.9,31.0,37.1,20.0
46029,0.364,8.5,36.5,33.6,21.5
40141,0.364,22.5,33.4,26.8,17.3
40011,0.364,17.3,35.9,30.2,16.5
46059,0.364,6.1,33.0,38.8,22.1
4012,0.365,23.1,31.1,33.8,12.0
17115,0.365,9.6,35.4,32.9,22.1
17071,0.365,8.8,41.7,31.2,18.3
21207,0.365,21.5,38.0,25.9,14.7
28051,0.365,23.2,41.0,25.7,10.2
30095,0.365,6.0,35.5,33.4,25.0
35033,0.365,10.8,34.1,44.2,11.0
38051,0.365,18.2,33.0,33.2,15.6
38085,0.365,16.3,32.4,36.3,15.0
46043,0.365,11.5,35.2,37.7,15.5
46079,0.365,9.1,31.8,26.0,33.1
49033,0.365,4.3,32.1,40.6,23.0
16011,0.366,10.8,31.3,36.6,21.2
20209,0.366,21.1,32.1,28.6,18.1
30037,0.366,8.0,40.7,28.5,22.7
29031,0.366,9.0,31.2,28.3,31.5
29137,0.366,10.7,48.4,28.5,12.4
31169,0.366,7.6,35.6,37.9,18.8
37179,0.366,10.4,24.6,29.7,35.4
37141,0.366,12.2,27.6,32.2,27.9
47141,0.366,13.4,36.5,23.6,26.4
1091,0.367,16.2,38.0,29.8,16.1
12097,0.367,13.3,31.3,33.7,21.8
18045,0.367,11.0,43.7,30.4,14.9
18109,0.367,11.9,39.3,31.6,17.3
37107,0.367,20.3,31.9,32.8,14.9
21173,0.367,15.2,40.3,28.9,15.7
31089,0.367,6.5,33.0,38.1,22.4
31119,0.367,9.6,30.4,37.0,23.0
38041,0.367,12.9,33.8,40.3,13.0
40137,0.367,12.7,42.2,28.2,16.9
4013,0.368,12.3,22.4,32.6,32.7
6039,0.368,28.1,24.9,32.5,14.6
20169,0.368,8.5,30.1,34.1,27.3
20061,0.368,6.2,25.0,45.6,23.2
18101,0.368,11.9,42.7,31.6,13.7
39021,0.368,8.8,46.2,28.9,16.1
40117,0.368,11.2,44.2,27.9,16.6
56019,0.368,4.0,26.8,37.4,31.7
5025,0.369,10.4,46.6,26.8,16.2
18013,0.369,7.9,32.9,30.3,28.9
18029,0.369,10.4,38.9,27.9,22.9
21041,0.369,21.7,40.3,29.8,8.2
20019,0.369,13.4,34.8,35.9,15.9
26015,0.369,7.3,37.7,33.8,21.1
21217,0.369,12.9,39.2,28.3,19.6
26049,0.369,9.4,31.6,37.8,21.2
31153,0.369,4.5,21.7,34.0,39.8
37115,0.369,13.0,31.3,27.2,28.5
31079,0.369,15.4,31.3,31.8,21.5
45063,0.369,10.4,28.2,31.1,30.4
41019,0.369,10.4,32.3,40.0,17.3
6011,0.37,28.7,26.2,30.0,15.0
6107,0.37,29.2,25.5,30.7,14.6
17007,0.37,13.8,34.8,27.9,23.5
16061,0.37,11.5,29.6,40.9,17.9
17103,0.37,11.2,33.8,36.8,18.2
17159,0.37,10.9,29.9,38.2,21.0
18161,0.37,12.6,43.4,25.6,18.5
21213,0.37,13.0,44.9,27.9,14.2
24023,0.37,10.2,43.3,25.6,20.9
28125,0.37,22.5,27.9,30.0,19.5
36005,0.37,27.2,27.9,24.8,20.1
47029,0.37,19.9,46.8,21.7,11.6
8079,0.371,2.6,15.8,35.2,46.5
16037,0.371,10.6,28.6,36.4,24.4
20037,0.371,7.9,29.3,33.0,29.9
26035,0.371,15.5,36.6,35.3,12.6
37033,0.371,19.6,33.6,30.9,15.9
49025,0.371,7.5,21.8,40.8,29.9
5095,0.372,21.1,41.3,24.9,12.7
12101,0.372,10.5,33.2,32.2,24.0
16009,0.372,12.4,38.4,33.9,15.2
17187,0.372,13.3,32.0,31.9,22.8
18051,0.372,8.1,40.9,33.0,18.0
20141,0.372,6.1,34.6,35.7,23.6
21139,0.372,16.2,43.6,28.3,11.8
26023,0.372,10.9,41.5,33.2,14.4
27143,0.372,9.3,39.2,35.1,16.4
26067,0.372,9.5,39.1,35.0,16.4
37111,0.372,16.1,32.4,34.1,17.4
40039,0.372,12.3,31.1,31.7,24.8
53037,0.372,8.6,24.9,34.2,32.3
6021,0.373,25.2,27.2,33.4,14.2
5105,0.373,15.2,41.7,30.5,12.7
12057,0.373,11.3,27.1,28.0,33.5
21171,0.373,25.2,39.3,21.1,14.4
26091,0.373,9.1,36.9,33.0,21.0
27079,0.373,6.1,35.8,35.1,23.0
31091,0.373,6.5,35.2,31.9,26.4
29075,0.373,10.8,42.5,27.7,19.1
37199,0.373,15.5,33.2,31.0,20.3
49029,0.373,1.9,19.6,39.2,39.4
54021,0.373,15.0,44.7,23.3,17.0
53043,0.373,7.3,29.3,38.4,25.1
18089,0.374,11.3,35.1,31.0,22.6
21159,0.374,25.6,39.0,23.7,11.7
30105,0.374,6.1,34.5,37.9,21.5
38049,0.374,9.2,33.6,35.7,21.4
42087,0.374,15.0,51.8,21.3,11.9
39125,0.374,9.5,47.9,26.9,15.6
6065,0.375,18.0,26.9,32.9,22.3
17077,0.375,8.1,24.1,33.7,34.1
18137,0.375,10.7,43.6,27.6,18.0
20079,0.375,9.5,23.7,33.5,33.2
20205,0.375,11.5,33.9,38.1,16.5
20101,0.375,5.7,31.9,39.4,23.1
39033,0.375,9.8,46.8,29.0,14.4
39101,0.375,12.1,44.5,30.9,12.5
37127,0.375,14.4,33.7,31.1,20.8
46005,0.375,15.7,34.0,29.8,20.5
41023,0.375,11.2,36.0,33.9,18.9
40049,0.375,13.7,45.0,26.6,14.7
40107,0.375,20.5,39.6,28.3,11.6
17063,0.376,6.8,33.8,36.5,22.9
17067,0.376,6.6,36.6,35.9,21.0
17033,0.376,15.0,28.6,39.4,17.1
18095,0.376,11.6,39.4,30.6,18.4
18065,0.376,10.7,43.7,29.1,16.4
27089,0.376,10.0,36.9,34.0,19.1
26155,0.376,7.8,37.3,37.9,17.0
29033,0.376,14.2,44.3,24.9,16.7
29195,0.376,16.0,37.8,26.8,19.4
40057,0.376,20.3,25.1,33.9,20.7
39145,0.376,15.1,41.2,28.0,15.7
49017,0.376,7.3,36.2,30.6,25.9
37035,0.377,14.1,30.0,33.3,22.6
33005,0.377,6.6,31.4,28.8,33.1
20173,0.377,10.4,26.3,32.4,30.9
19185,0.377,12.1,44.4,30.9,12.7
28149,0.377,12.9,30.5,34.2,22.4
27055,0.377,4.9,34.2,36.1,24.8
29047,0.377,6.7,28.4,31.8,33.2
31077,0.377,6.1,34.3,43.3,16.3
36121,0.377,10.1,40.0,32.2,17.7
38101,0.377,6.3,30.0,34.4,29.3
39059,0.377,14.5,42.7,28.2,14.6
39129,0.377,12.8,42.6,26.2,18.4
42043,0.377,10.2,33.2,25.8,30.8
46093,0.377,5.6,28.7,38.5,27.2
50019,0.377,11.7,39.5,27.3,21.5
45079,0.378,8.5,22.5,29.9,39.1
1023,0.378,18.6,37.7,31.8,11.9
8069,0.378,4.1,19.0,29.6,47.3
16007,0.378,6.5,38.4,36.2,18.9
18003,0.378,10.6,28.2,32.6,28.5
21131,0.378,28.7,41.9,20.8,8.7
21151,0.378,12.5,28.1,28.7,30.8
26147,0.378,9.2,34.0,38.1,18.6
39007,0.378,14.0,44.6,27.2,14.3
30101,0.378,11.2,40.0,33.5,15.2
12127,0.379,9.5,31.8,35.0,23.7
26039,0.379,10.1,33.0,37.5,19.4
32003,0.379,13.9,28.5,33.1,24.5
49035,0.379,9.2,22.6,32.6,35.6
53025,0.379,23.3,27.2,31.8,17.7
17185,0.38,9.4,30.7,41.7,18.2
27097,0.38,9.3,38.3,35.1,17.3
31081,0.38,4.9,30.0,40.1,25.0
37009,0.38,14.9,31.8,33.7,19.7
42013,0.38,8.6,45.0,25.1,21.3
12083,0.381,12.4,36.9,30.6,20.1
16069,0.381,8.0,32.1,37.0,22.9
18167,0.381,11.6,32.0,31.2,25.1
21177,0.381,17.9,44.8,24.8,12.6
26163,0.381,13.5,30.1,32.5,23.9
49037,0.381,15.1,32.2,34.4,18.3
55033,0.381,6.3,33.3,32.5,27.9
18127,0.382,6.4,35.0,30.1,28.4
21175,0.382,23.7,41.4,22.4,12.5
27003,0.382,6.0,27.9,35.6,30.5
38023,0.382,6.7,34.0,40.8,18.5
39053,0.382,16.0,41.2,26.9,15.9
37083,0.382,21.4,37.2,27.0,14.4
39079,0.382,16.5,42.1,26.9,14.5
42081,0.382,9.9,38.9,27.8,23.4
42075,0.382,12.8,44.0,22.5,20.7
6101,0.383,21.8,23.3,36.6,18.2
12117,0.383,5.7,21.1,33.6,39.6
17199,0.383,7.7,31.1,36.9,24.3
20017,0.383,8.2,29.1,37.3,25.5
20099,0.383,10.2,31.8,39.3,18.7
20197,0.383,4.6,34.9,36.3,24.2
21069,0.383,20.4,40.3,26.5,12.9
21197,0.383,19.7,40.0,24.4,15.9
28049,0.383,12.5,25.0,33.5,29.0
27171,0.383,5.1,29.4,36.0,29.6
36035,0.383,12.7,35.7,33.4,18.2
38103,0.383,13.0,32.9,31.9,22.2
39073,0.383,10.9,45.6,29.1,14.4
53053,0.384,8.5,27.2,37.1,27.2
8091,0.384,2.2,15.9,34.1,47.8
17125,0.384,10.8,42.8,30.4,16.0
17011,0.384,9.2,36.6,33.6,20.6
19117,0.384,7.9,41.3,33.8,17.0
20147,0.384,7.6,36.6,34.0,21.8
30081,0.384,8.4,30.4,33.4,27.8
33015,0.384,4.9,25.4,28.3,41.4
31059,0.384,7.9,33.5,37.2,21.4
55027,0.384,9.2,40.9,32.9,17.0
37171,0.384,20.5,28.9,32.5,18.0
49011,0.384,4.4,21.2,36.7,37.8
18069,0.385,8.2,41.3,30.4,20.1
6007,0.385,10.8,22.5,39.5,27.2
8059,0.385,5.5,20.3,29.1,45.2
6069,0.385,19.5,24.8,36.0,19.7
6093,0.385,9.8,25.5,41.6,23.2
21023,0.385,14.3,46.4,26.2,13.2
28103,0.385,29.1,29.6,25.7,15.6
42033,0.385,12.8,49.5,22.7,15.1
51043,0.385,10.9,29.6,27.3,32.2
8035,0.386,1.9,12.0,28.1,58.0
16059,0.386,7.9,30.3,38.9,22.9
20121,0.386,4.0,31.8,34.4,29.8
29071,0.386,11.6,32.7,34.8,20.9
33019,0.386,8.8,36.4,26.7,28.1
37119,0.386,9.7,17.0,27.9,45.4
40027,0.386,8.2,24.7,33.7,33.4
47113,0.386,11.1,35.3,27.9,25.6
2090,0.387,5.5,22.6,40.5,31.4
18105,0.387,7.3,22.2,24.8,45.7
20185,0.387,9.3,29.3,36.1,25.2
19167,0.387,9.8,30.2,31.0,29.1
26079,0.387,12.7,42.1,33.3,11.9
35051,0.387,16.0,28.6,34.2,21.1
53039,0.387,12.0,24.8,31.8,31.5
55127,0.387,9.2,31.3,30.8,28.8
46051,0.388,9.3,38.2,30.6,21.9
4011,0.388,11.9,34.7,39.8,13.5
16019,0.388,8.0,25.4,35.2,31.3
21141,0.388,15.1,44.5,24.1,16.4
21097,0.388,17.9,40.3,27.1,14.6
26025,0.388,9.0,36.8,33.2,21.0
36047,0.388,17.6,25.7,19.2,37.5
36095,0.388,10.3,35.7,31.5,22.4
39029,0.388,11.5,44.7,28.9,14.9
46035,0.388,7.9,31.1,34.5,26.5
39171,0.388,9.5,42.4,32.9,15.2
5011,0.389,19.0,41.3,25.4,14.3
17117,0.389,8.7,39.8,33.1,18.4
12095,0.389,11.5,24.4,29.6,34.6
12039,0.389,20.2,36.2,27.4,16.2
12073,0.389,6.5,19.0,28.3,46.2
17195,0.389,9.4,37.7,34.6,18.2
17111,0.389,6.9,26.5,32.2,34.4
17005,0.389,10.8,33.1,33.3,22.9
18157,0.389,8.4,25.4,27.5,38.7
20171,0.389,15.6,27.0,32.4,25.1
20035,0.389,9.3,29.9,39.0,21.8
21205,0.389,15.8,33.4,25.7,25.1
24015,0.389,10.5,36.1,29.4,23.9
24001,0.389,9.8,41.8,29.5,18.9
25013,0.389,14.2,30.7,28.0,27.1
26061,0.389,7.2,33.1,27.1,32.6
30043,0.389,5.7,26.5,32.8,35.0
37011,0.389,16.4,30.2,32.7,20.7
45047,0.389,14.8,30.5,30.1,24.6
45045,0.389,12.0,23.8,29.2,35.1
47065,0.389,10.5,26.9,30.4,32.2
56029,0.389,4.5,25.8,35.7,34.0
17137,0.39,9.1,40.2,31.4,19.3
18081,0.39,7.9,31.1,28.3,32.7
27029,0.39,13.9,34.9,34.2,17.1
29095,0.39,9.4,28.3,30.7,31.6
37105,0.39,16.5,26.8,35.1,21.5
31133,0.39,12.4,40.6,30.0,17.1
39009,0.39,10.0,35.1,24.7,30.2
39097,0.39,13.0,41.6,27.9,17.5
40059,0.39,18.2,33.1,29.4,19.3
45037,0.39,17.1,36.7,29.6,16.7
45041,0.39,15.0,32.9,28.5,23.6
11001,0.391,9.1,16.8,15.5,58.5
12031,0.391,10.2,27.8,31.9,30.0
22077,0.391,20.2,39.3,25.6,14.9
37145,0.391,13.5,37.4,33.5,15.6
39147,0.391,8.3,45.2,29.7,16.8
1089,0.392,8.3,20.6,28.3,42.8
8013,0.392,5.0,11.7,21.2,62.1
20105,0.392,6.7,31.1,39.4,22.8
24043,0.392,12.8,36.5,28.8,21.9
40133,0.392,15.7,34.0,36.0,14.3
31159,0.392,6.0,28.6,36.5,28.9
40087,0.392,9.9,32.8,32.3,25.0
39111,0.392,10.9,51.8,24.8,12.5
42101,0.392,15.3,32.6,22.4,29.7
41011,0.392,11.2,30.2,40.9,17.8
1073,0.393,9.9,26.4,30.3,33.4
18031,0.393,9.1,44.0,26.3,20.6
18129,0.393,6.6,38.2,33.3,21.9
20139,0.393,9.2,39.1,32.4,19.2
20029,0.393,7.0,31.6,37.4,24.0
30103,0.393,10.2,31.5,32.9,25.4
6025,0.394,30.3,24.3,30.2,15.2
16005,0.394,7.5,26.4,38.2,27.8
20067,0.394,23.0,25.9,36.2,14.9
18091,0.394,11.5,39.6,30.9,18.0
18139,0.394,12.6,46.4,27.0,13.9
19179,0.394,11.9,34.9,34.4,18.8
28071,0.394,9.6,18.7,26.1,45.6
28077,0.394,18.3,33.6,30.6,17.6
39081,0.394,9.0,44.8,30.4,15.8
31093,0.394,5.1,36.2,37.5,21.1
42039,0.394,11.0,45.8,22.1,21.1
40065,0.394,14.9,26.9,34.8,23.3
46067,0.394,12.3,33.2,29.3,25.2
47001,0.394,13.0,32.9,30.8,23.3
50015,0.394,7.2,25.6,29.1,38.2
53001,0.394,33.1,28.7,24.0,14.3
5017,0.395,19.2,38.1,26.8,15.9
13127,0.395,11.9,26.7,31.5,29.9
18181,0.395,11.2,41.6,30.8,16.4
28073,0.395,10.6,24.2,31.1,34.1
28083,0.395,18.4,38.2,25.0,18.5
34033,0.395,11.2,38.4,29.4,21.0
31027,0.395,7.5,35.4,36.1,21.0
33001,0.395,6.8,29.5,31.2,32.6
41047,0.395,14.8,26.6,35.1,23.5
42119,0.395,13.2,39.0,21.8,26.0
47175,0.395,21.0,50.8,20.5,7.8
39109,0.395,8.8,36.6,31.3,23.3
53005,0.395,9.8,24.5,34.8,30.9
18177,0.396,13.5,37.3,30.9,18.2
21033,0.396,13.0,45.0,26.7,15.3
21107,0.396,13.3,40.4,29.8,16.5
35013,0.396,20.6,22.7,29.6,27.1
56001,0.396,4.1,14.7,29.5,51.8
53045,0.397,11.4,31.2,39.8,17.6
8037,0.397,11.7,15.2,25.9,47.2
21229,0.397,16.0,42.4,22.8,18.8
27135,0.397,7.1,35.1,37.5,20.3
51059,0.397,7.5,12.8,18.1,61.6
56021,0.397,7.0,25.8,38.7,28.5
50025,0.398,7.6,29.5,24.8,38.1
19087,0.398,7.4,36.0,36.9,19.6
27057,0.398,7.0,31.2,34.4,27.4
26051,0.398,13.0,39.3,34.2,13.5
30009,0.398,5.8,31.1,32.7,30.4
37147,0.398,10.7,23.8,32.8,32.7
45089,0.398,19.9,41.6,26.2,12.3
53015,0.398,10.7,30.6,41.7,17.0
55095,0.398,6.2,37.3,35.6,20.9
2122,0.399,7.3,31.2,36.8,24.6
5029,0.399,13.0,43.8,27.6,15.6
17053,0.399,9.6,35.5,33.6,21.4
19111,0.399,7.0,40.8,35.7,16.4
22095,0.399,13.9,38.8,31.4,15.9
21155,0.399,18.5,45.3,23.5,12.6
28011,0.399,22.2,24.9,29.4,23.6
26075,0.399,9.2,32.6,36.0,22.2
29051,0.399,7.7,29.7,29.3,33.3
31051,0.399,12.1,35.3,31.4,21.2
46053,0.399,10.6,35.6,33.6,20.2
17089,0.4,15.4,22.7,28.7,33.1
19119,0.4,9.4,37.1,32.8,20.7
27025,0.4,5.4,33.8,39.4,21.5
40093,0.4,11.4,38.6,30.0,20.0
5001,0.401,16.1,38.9,29.2,15.8
12009,0.401,7.8,28.3,33.8,30.2
17113,0.401,4.1,24.6,26.5,44.8
17141,0.401,9.8,33.4,35.4,21.4
20137,0.401,10.9,34.7,35.6,18.8
27093,0.401,7.4,35.3,37.8,19.5
24510,0.401,14.8,29.1,24.2,31.9
29205,0.401,9.3,43.4,29.3,18.1
29165,0.401,4.2,22.1,30.6,43.1
31069,0.401,5.9,31.9,39.8,22.5
38055,0.401,7.6,33.8,37.9,20.8
42131,0.401,7.8,46.4,26.2,19.6
41071,0.401,11.1,24.6,37.5,26.9
46069,0.401,7.4,36.5,31.6,24.5
47171,0.401,15.0,39.4,30.8,14.8
42085,0.401,10.1,43.0,24.1,22.8
53069,0.401,7.9,30.0,42.7,19.4
17175,0.402,8.7,41.6,32.6,17.0
17197,0.402,9.0,26.9,29.8,34.3
21149,0.402,12.7,41.2,32.6,13.5
21167,0.402,15.6,36.8,29.1,18.5
37059,0.402,12.2,32.0,31.8,24.0
32005,0.402,6.8,24.4,39.4,29.4
53063,0.402,6.2,23.2,39.8,30.8
55037,0.402,6.9,37.6,35.5,19.9
18151,0.403,8.9,39.6,29.8,21.8
20155,0.403,11.5,27.7,39.9,20.9
20095,0.403,6.4,33.0,36.2,24.4
26005,0.403,9.1,37.9,30.4,22.6
39141,0.403,12.4,43.0,28.9,15.8
40123,0.403,10.8,32.9,28.2,28.2
45051,0.403,10.4,32.5,33.5,23.6
42133,0.403,10.1,39.6,25.5,24.9
46007,0.403,19.6,33.0,31.7,15.7
6067,0.404,12.3,22.4,34.5,30.9
20115,0.404,8.4,30.3,36.2,25.0
29073,0.404,12.2,38.5,30.0,19.2
53011,0.404,7.3,24.2,37.8,30.6
53027,0.404,10.3,34.0,39.2,16.5
55075,0.404,8.9,41.6,33.5,15.9
4003,0.405,12.6,24.1,40.2,23.1
12081,0.405,10.3,30.1,29.9,29.8
20097,0.405,11.8,27.1,33.0,28.1
37087,0.405,12.0,26.4,35.7,26.0
41055,0.405,10.7,31.9,40.1,17.3
37189,0.405,9.2,20.7,27.8,42.2
17147,0.406,6.1,33.9,31.4,28.6
20031,0.406,7.3,32.1,36.1,24.5
26113,0.406,10.5,41.9,33.6,14.0
37099,0.406,10.6,26.8,32.2,30.4
39063,0.406,7.5,36.0,29.4,27.1
55135,0.406,8.2,40.8,31.1,19.9
5039,0.407,16.1,44.1,28.0,11.9
18021,0.407,8.6,43.8,30.6,17.0
17057,0.407,11.4,34.5,36.6,17.6
18061,0.407,11.6,39.6,30.1,18.7
21237,0.407,28.2,37.4,25.7,8.7
22089,0.407,10.0,34.5,30.3,25.3
22033,0.407,9.5,27.3,28.3,34.9
26165,0.407,10.4,36.4,34.9,18.2
35001,0.407,11.1,23.2,31.3,34.4
39175,0.407,8.1,45.7,29.0,17.2
40003,0.407,14.8,37.5,25.9,21.8
55053,0.407,10.1,41.6,33.8,14.6
6079,0.408,8.7,19.9,36.0,35.4
6019,0.408,24.0,22.7,32.1,21.2
17201,0.408,12.3,31.7,33.1,22.9
21071,0.408,24.8,37.8,26.1,11.3
20089,0.408,6.9,39.5,34.3,19.3
26011,0.408,11.5,41.9,34.0,12.6
25005,0.408,14.3,29.9,27.1,28.7
30031,0.408,3.2,17.8,28.9,50.1
46083,0.408,5.2,23.0,34.3,37.6
47163,0.408,12.8,34.7,28.8,23.6
5147,0.409,18.3,43.8,23.9,14.0
12017,0.409,11.6,37.2,32.9,18.3
12011,0.409,11.0,27.3,29.2,32.4
21049,0.409,13.8,34.3,31.8,20.1
19107,0.409,7.1,40.4,34.2,18.3
31025,0.409,5.6,29.9,36.8,27.7
40035,0.409,13.2,39.5,32.6,14.7
5119,0.41,9.6,26.0,30.1,34.3
12071,0.41,11.6,31.0,29.2,28.2
17059,0.41,13.1,39.8,36.3,10.9
17095,0.41,10.9,36.6,33.5,18.9
20051,0.41,6.7,26.9,30.1,36.3
27145,0.41,8.3,28.0,36.2,27.5
36105,0.41,13.3,33.8,28.2,24.8
36025,0.41,11.1,37.6,28.8,22.6
46047,0.41,5.6,35.1,38.3,21.1
55067,0.41,9.7,42.3,31.3,16.7
18005,0.411,9.4,30.8,26.3,33.5
42107,0.411,10.7,46.6,26.1,16.6
39151,0.411,8.4,38.2,30.6,22.8
31185,0.412,6.4,27.9,37.3,28.4
19135,0.412,12.3,39.1,31.3,17.4
20183,0.412,7.0,35.9,34.8,22.3
21195,0.412,23.0,39.4,24.5,13.0
20187,0.412,21.5,29.6,30.0,19.0
27113,0.412,6.8,33.1,40.7,19.3
36049,0.412,9.9,44.7,27.1,18.4
41005,0.412,6.6,21.2,34.7,37.4
42065,0.412,10.7,51.1,22.3,15.9
47093,0.412,8.3,25.3,28.8,37.6
51073,0.412,10.4,32.4,33.9,23.3
51153,0.412,11.5,20.0,27.3,41.1
6033,0.413,14.2,30.5,39.7,15.5
8014,0.413,3.1,14.5,26.7,55.7
6095,0.413,11.6,23.8,37.7,26.9
17203,0.413,5.2,31.3,30.3,33.2
19057,0.413,8.0,33.5,38.4,20.1
20047,0.413,14.6,28.2,39.1,18.1
26153,0.413,9.4,44.1,30.9,15.6
24017,0.413,6.8,31.7,32.6,28.9
31053,0.413,11.1,35.2,34.8,19.0
38015,0.413,5.7,22.7,35.8,35.8
46003,0.413,13.0,33.5,32.1,21.5
42041,0.413,7.7,32.0,23.8,36.6
56017,0.413,5.3,29.5,41.4,23.7
19007,0.414,9.8,36.5,37.3,16.3
21145,0.414,9.5,31.4,34.9,24.2
21161,0.414,13.7,34.7,32.1,19.5
26099,0.414,10.1,29.7,35.4,24.9
47037,0.414,10.9,22.1,25.3,41.7
46111,0.414,6.6,40.1,31.6,21.6
55039,0.414,8.2,36.1,32.7,23.1
55057,0.415,11.6,41.5,33.2,13.7
6017,0.415,6.6,21.3,37.9,34.3
20163,0.415,11.3,30.4,35.2,23.1
30111,0.415,5.9,30.2,31.8,32.1
31155,0.415,6.8,31.0,36.8,25.4
31129,0.415,8.1,34.0,37.0,20.9
39119,0.415,12.2,41.6,30.1,16.1
41049,0.415,24.2,33.1,33.7,9.0
53049,0.415,11.7,29.9,39.4,18.9
55001,0.415,12.5,42.6,31.1,13.9
17123,0.416,7.1,39.4,34.6,18.9
18145,0.416,12.7,42.4,26.2,18.7
20151,0.416,7.9,24.9,36.9,30.3
24045,0.416,12.8,32.3,27.7,27.2
26031,0.416,9.9,38.0,31.4,20.7
39017,0.416,9.4,32.9,27.5,30.2
37001,0.416,13.7,27.7,33.8,24.8
39039,0.416,8.8,42.1,31.1,18.0
42025,0.416,10.6,45.3,26.2,17.9
42027,0.416,5.7,29.4,19.4,45.5
42097,0.416,12.0,49.8,21.7,16.6
45043,0.416,12.8,28.8,31.1,27.3
56033,0.416,4.7,25.6,38.7,31.0
17181,0.417,11.6,35.4,31.2,21.7
25015,0.417,5.3,22.6,23.8,48.3
27111,0.417,7.9,29.5,37.6,24.9
31095,0.417,8.9,37.3,36.0,17.8
36009,0.417,11.2,39.2,30.6,19.1
49009,0.417,6.0,40.0,40.5,13.4
31097,0.418,13.7,42.8,26.1,17.5
18123,0.418,9.7,44.7,29.5,16.1
21011,0.418,23.1,41.2,21.2,14.5
26045,0.418,5.7,27.7,38.8,27.8
21133,0.418,24.3,37.0,26.5,12.1
24033,0.418,13.3,25.8,27.8,33.1
37089,0.418,10.1,24.2,34.0,31.8
36099,0.418,15.2,35.2,28.5,21.1
45049,0.418,19.0,42.5,26.6,11.9
37005,0.419,22.5,29.0,31.2,17.3
20077,0.419,10.4,39.1,34.3,16.2
20083,0.419,8.9,20.8,39.5,30.8
26159,0.419,12.9,31.3,34.1,21.7
28161,0.419,16.7,40.2,29.3,13.8
28063,0.419,22.0,37.9,24.2,15.9
30013,0.419,8.2,32.8,33.3,25.7
35029,0.419,30.2,34.4,22.9,12.5
39133,0.419,7.6,36.6,26.8,29.0
51115,0.419,9.5,30.8,31.8,27.9
17161,0.42,11.4,29.5,35.6,23.5
21093,0.42,9.5,30.4,38.1,22.0
31127,0.42,8.2,29.9,34.1,27.8
41007,0.42,7.9,26.7,41.0,24.4
47119,0.42,9.8,35.7,31.4,23.0
12099,0.421,11.5,24.0,27.8,36.7
6057,0.421,5.6,18.4,38.8,37.2
21157,0.421,11.3,38.2,31.2,19.2
21113,0.421,12.7,30.5,27.3,29.5
32033,0.421,11.9,41.5,33.4,13.2
30061,0.421,11.1,37.0,35.8,16.1
55055,0.421,8.2,33.4,33.0,25.4
39155,0.421,10.6,44.5,26.1,18.7
5041,0.422,18.9,44.6,22.4,14.1
17027,0.422,9.9,31.9,35.9,22.3
21103,0.422,14.9,41.2,30.8,13.1
26127,0.422,12.8,36.3,31.4,19.5
26065,0.422,7.1,22.0,32.1,38.9
29189,0.422,6.5,21.2,28.6,43.6
38069,0.422,6.7,35.2,37.2,21.0
42129,0.422,5.6,36.9,28.3,29.1
17093,0.423,7.6,22.9,33.4,36.2
22103,0.423,9.5,26.6,30.1,33.8
27021,0.423,7.8,32.3,36.7,23.2
53035,0.423,5.2,22.2,39.4,33.2
1065,0.424,16.0,43.4,26.4,14.2
6109,0.424,9.3,28.3,41.9,20.5
17119,0.424,7.5,29.8,35.8,26.8
18077,0.424,10.3,42.3,29.5,17.9
21179,0.424,10.2,37.2,34.5,18.0
55091,0.424,9.0,38.0,32.4,20.6
16057,0.425,4.2,19.7,30.7,45.4
8067,0.425,4.5,20.0,31.3,44.2
12086,0.425,18.6,27.3,24.4,29.8
23025,0.425,11.6,40.4,31.5,16.5
21059,0.425,10.0,34.1,32.9,22.9
27067,0.425,11.0,25.9,39.9,23.3
34031,0.425,16.3,34.5,21.0,28.2
34029,0.425,8.0,34.0,28.0,30.0
55069,0.425,8.0,38.1,35.4,18.4
18083,0.426,11.3,35.8,36.0,16.9
20165,0.426,7.9,29.8,38.6,23.7
26021,0.426,10.3,28.1,33.8,27.8
46073,0.426,10.6,38.0,28.9,22.5
55011,0.426,9.1,40.4,31.2,19.3
55115,0.426,8.6,44.8,30.9,15.7
12001,0.427,7.4,21.2,28.1,43.3
19099,0.427,6.1,41.4,33.8,18.8
19143,0.427,11.6,36.6,34.0,17.9
20135,0.427,9.1,31.1,40.4,19.4
26143,0.427,10.1,38.4,36.1,15.5
37077,0.427,15.7,30.6,31.2,22.5
42127,0.427,10.4,42.9,26.3,20.4
51520,0.427,15.3,29.7,29.6,25.4
17189,0.428,7.8,33.4,37.9,20.9
17083,0.428,7.7,38.8,33.2,20.3
19115,0.428,15.9,37.7,31.5,14.9
19045,0.428,9.1,38.8,34.2,17.9
28157,0.428,25.2,40.6,20.5,13.7
30073,0.428,7.0,33.5,35.6,24.0
42021,0.428,8.0,45.4,25.5,21.1
40017,0.428,8.6,29.8,34.2,27.4
42095,0.428,9.1,34.5,26.1,30.3
53067,0.428,6.3,21.3,36.7,35.7
17155,0.429,7.3,38.1,38.0,16.6
19155,0.429,10.5,32.7,35.3,21.5
27159,0.429,9.4,37.1,39.7,13.8
31099,0.429,3.6,29.2,40.6,26.7
37175,0.429,11.0,26.8,29.6,32.6
20145,0.43,9.4,33.1,38.0,19.6
27085,0.43,6.9,36.0,39.5,17.6
34021,0.43,11.5,24.6,21.3,42.6
37013,0.43,12.3,32.5,34.6,20.6
39051,0.43,8.7,41.7,31.9,17.6
40091,0.43,14.2,42.7,29.3,13.9
41053,0.43,9.1,23.5,36.4,31.0
46087,0.43,11.3,35.0,29.5,24.1
12089,0.431,8.7,31.7,30.0,29.6
19195,0.431,6.7,36.4,39.4,17.5
30091,0.431,8.1,32.1,35.9,23.9
31107,0.431,7.9,33.8,36.7,21.6
37049,0.431,11.2,26.0,37.5,25.3
41057,0.431,10.4,28.7,39.1,21.8
41067,0.431,7.8,17.4,30.4,44.4
46101,0.431,9.6,33.7,35.3,21.3
47179,0.431,11.2,28.9,28.1,31.8
2068,0.432,1.5,26.0,31.4,41.1
8107,0.432,3.2,20.2,26.8,49.8
20041,0.432,8.5,33.2,35.4,22.9
17179,0.432,7.3,31.7,34.7,26.3
22107,0.432,22.5,46.1,20.0,11.4
37081,0.432,10.9,23.3,29.8,36.0
39089,0.432,8.5,34.3,31.1,26.1
34013,0.432,13.9,28.0,22.6,35.5
42037,0.432,9.7,43.0,24.4,22.9
17097,0.433,9.4,20.8,24.6,45.3
17129,0.433,5.9,35.8,34.3,24.0
19081,0.433,6.7,36.3,33.2,23.8
19121,0.433,5.8,36.6,33.2,24.5
21017,0.433,16.0,35.6,28.9,19.4
39167,0.433,9.4,40.3,31.5,18.8
33013,0.433,6.8,27.7,29.9,35.6
42079,0.433,10.2,39.0,28.0,22.9
55083,0.433,9.6,41.7,31.9,16.8
17031,0.434,12.9,23.1,25.2,38.8
17163,0.434,8.9,28.1,34.9,28.0
19001,0.434,5.8,40.5,35.2,18.5
20033,0.434,6.1,34.9,43.0,16.0
19169,0.434,2.8,17.4,28.1,51.6
19175,0.434,9.7,35.5,36.7,18.0
23017,0.434,8.1,42.0,30.7,19.2
26121,0.434,8.7,34.0,37.5,19.7
26145,0.434,10.6,33.3,35.3,20.8
46107,0.434,7.2,36.3,34.2,22.3
12103,0.435,8.7,28.0,31.6,31.7
22075,0.435,16.3,35.5,29.2,19.1
21181,0.435,24.2,42.1,24.8,8.9
34039,0.435,13.6,28.6,21.8,36.0
39025,0.435,9.8,32.4,29.3,28.6
53029,0.435,4.7,21.7,40.1,33.6
55073,0.435,8.2,34.3,32.2,25.4
39023,0.436,11.3,37.9,32.1,18.7
17073,0.436,8.8,33.7,34.2,23.3
12065,0.436,18.0,34.7,25.0,22.3
37067,0.436,10.8,25.7,29.5,34.0
27127,0.436,9.1,37.4,34.4,19.1
26093,0.436,4.8,25.8,34.0,35.4
29183,0.436,5.2,24.6,31.3,38.9
30067,0.436,5.5,29.9,33.1,31.5
36039,0.436,13.3,38.7,25.9,22.1
46017,0.436,21.9,39.6,30.0,8.5
55131,0.436,5.1,30.3,33.2,31.5
6023,0.437,9.5,22.2,37.9,30.4
20007,0.437,8.9,33.7,36.7,20.7
20109,0.437,9.0,28.1,46.3,16.6
27063,0.437,7.3,32.7,37.4,22.6
37051,0.437,9.0,25.9,39.5,25.5
39045,0.437,7.4,34.0,31.0,27.6
36051,0.437,9.4,31.9,32.2,26.5
38093,0.437,9.1,33.8,33.4,23.7
36037,0.437,7.8,36.0,34.0,22.3
42005,0.437,9.7,49.0,24.6,16.7
40075,0.437,15.3,37.2,30.2,17.2
53061,0.437,7.7,23.3,36.2,32.8
26069,0.438,11.1,38.3,34.8,15.9
24019,0.438,12.1,38.5,28.2,21.2
27095,0.438,10.2,38.6,36.5,14.7
30001,0.438,4.9,28.8,30.9,35.4
37173,0.438,20.2,30.6,31.0,18.2
37137,0.438,12.0,31.0,38.4,18.5
39143,0.438,9.6,42.4,31.9,16.1
31131,0.439,7.2,35.3,34.0,23.4
55015,0.439,5.8,31.4,33.3,29.4
2198,0.439,9.2,37.9,34.6,18.3
6037,0.439,20.9,20.6,26.0,32.5
19173,0.439,9.8,38.5,37.2,14.5
20053,0.439,8.4,34.3,37.8,19.5
23007,0.439,7.4,38.0,29.7,24.8
24037,0.439,10.2,30.3,27.6,31.9
55077,0.439,10.9,40.9,33.1,15.1
55081,0.439,9.1,36.8,33.5,20.6
55097,0.439,6.1,31.9,29.1,32.9
12035,0.44,7.8,34.3,32.8,25.1
9015,0.44,11.6,33.2,30.9,24.3
30085,0.44,12.5,31.6,38.6,17.4
36043,0.44,10.2,36.9,31.4,21.5
49055,0.44,11.6,24.6,40.4,23.4
42091,0.441,5.6,23.6,21.6,49.3
18037,0.441,10.7,38.3,27.2,23.7
36075,0.441,11.8,37.5,31.7,19.0
19145,0.441,8.5,36.5,34.8,20.2
20025,0.441,5.2,27.2,41.5,26.1
19131,0.441,8.2,38.4,34.3,19.0
20073,0.441,7.6,36.3,36.2,19.9
25027,0.441,9.3,27.8,26.6,36.4
32031,0.441,11.4,23.5,34.3,30.8
32021,0.441,11.0,35.7,38.3,14.9
38091,0.441,3.7,25.3,40.1,30.9
53077,0.441,26.3,28.1,28.9,16.7
40143,0.441,10.6,25.4,32.2,31.8
38001,0.441,5.5,34.3,34.6,25.6
42071,0.441,15.0,35.3,22.5,27.3
55061,0.441,6.9,39.9,33.8,19.4
16077,0.442,20.8,32.7,31.4,15.1
17019,0.442,5.0,22.0,28.0,45.0
19129,0.442,7.2,34.1,34.6,24.1
21015,0.442,6.9,27.5,33.5,32.1
30059,0.442,4.8,40.3,25.7,29.3
27081,0.442,8.1,38.3,34.3,19.3
46075,0.442,4.7,42.6,27.0,25.7
55005,0.442,9.8,36.1,33.5,20.6
19125,0.443,6.7,34.1,30.4,28.8
20111,0.443,11.7,29.3,31.5,27.5
27023,0.443,10.6,34.1,36.3,19.0
31039,0.443,11.6,35.1,29.5,23.8
38095,0.443,8.6,33.8,40.6,17.0
55139,0.443,7.1,33.4,31.1,28.3
51119,0.443,12.9,32.6,32.9,21.5
10003,0.444,8.4,30.8,24.6,36.2
17001,0.444,7.5,35.4,32.1,25.0
21005,0.444,10.1,36.6,33.1,20.2
36013,0.444,11.2,35.5,31.1,22.2
39099,0.444,9.1,37.6,29.1,24.2
26037,0.445,5.5,26.8,35.7,32.1
24011,0.445,15.7,39.9,26.0,18.4
31023,0.445,7.0,37.6,34.1,21.4
31147,0.445,7.8,36.2,37.0,19.0
46127,0.445,7.4,29.5,32.5,30.6
45013,0.445,7.2,22.3,29.3,41.2
21117,0.446,10.1,28.7,29.5,31.7
34017,0.446,15.2,25.1,17.4,42.3
36077,0.446,8.3,31.3,29.4,31.1
37037,0.446,11.1,21.2,25.4,42.4
36017,0.446,11.9,39.0,30.5,18.7
55047,0.446,10.2,38.7,30.9,20.2
44007,0.446,14.2,31.0,25.8,29.0
12085,0.447,9.0,24.9,32.0,34.1
17017,0.447,16.0,43.1,25.8,15.1
17177,0.447,7.5,35.0,38.0,19.6
20087,0.447,6.5,39.7,30.6,23.2
26119,0.447,13.1,42.9,30.3,13.7
36085,0.447,11.3,30.4,24.5,33.9
39137,0.447,7.2,41.3,30.5,20.9
41065,0.447,13.6,29.1,37.7,19.6
27161,0.448,7.0,36.4,35.2,21.4
19089,0.448,9.1,40.0,35.1,15.8
19071,0.448,7.9,33.6,39.6,18.9
38097,0.448,6.6,26.0,38.5,28.9
39069,0.448,6.5,44.5,31.9,17.2
36123,0.448,13.6,32.6,28.5,25.2
39113,0.448,9.9,27.8,34.5,27.9
41039,0.448,8.1,23.2,38.2,30.5
42051,0.448,11.6,48.0,23.1,17.3
4027,0.449,26.7,25.7,32.5,15.0
12061,0.449,10.6,30.4,29.8,29.1
17143,0.449,9.1,27.6,32.7,30.6
19085,0.449,8.5,37.2,34.9,19.5
19063,0.449,9.3,32.8,39.0,18.8
41031,0.449,13.0,30.7,37.0,19.4
35053,0.449,18.2,37.4,22.4,22.0
33007,0.449,12.2,39.0,30.6,18.2
50001,0.449,6.5,29.1,24.8,39.6
17015,0.45,8.8,38.1,33.5,19.5
19093,0.45,6.8,38.8,35.8,18.6
20127,0.45,8.8,36.1,33.7,21.4
26013,0.45,10.8,40.6,32.8,15.8
27013,0.45,5.5,26.5,33.2,34.8
55013,0.45,6.8,36.4,36.0,20.8
19067,0.451,9.9,35.4,34.9,19.8
27077,0.451,7.0,38.6,37.7,16.7
34023,0.451,10.2,25.3,21.0,43.6
31177,0.451,4.4,31.6,34.0,29.9
42125,0.451,6.9,37.3,25.8,30.0
46121,0.451,20.1,31.7,32.5,15.6
51131,0.451,17.5,35.0,24.9,22.6
26139,0.452,7.0,28.2,30.7,34.1
19151,0.452,7.8,39.4,37.8,15.0
20093,0.452,24.1,32.4,28.8,14.7
20045,0.452,4.6,18.4,27.4,49.6
26083,0.452,3.6,35.4,29.0,32.0
55101,0.452,9.5,31.6,33.7,25.2
36101,0.453,9.5,36.7,30.1,23.6
37129,0.453,6.8,21.3,31.3,40.6
6113,0.454,13.5,18.1,27.0,41.4
26007,0.454,8.1,33.7,40.2,18.0
33009,0.454,7.2,26.5,25.7,40.6
40103,0.454,9.5,41.5,25.8,23.2
20203,0.455,13.4,27.5,38.5,20.6
18163,0.455,9.9,32.5,30.6,27.0
19105,0.455,7.7,39.6,33.3,19.5
19091,0.455,7.2,37.0,34.6,21.2
21021,0.455,12.9,33.5,28.5,25.2
36011,0.455,12.2,33.3,31.9,22.6
42049,0.455,8.7,38.5,24.9,27.9
18125,0.456,13.2,41.7,30.9,14.1
20113,0.456,8.7,27.9,35.4,28.0
19181,0.456,4.6,30.8,32.7,31.9
20201,0.456,8.4,40.7,30.5,20.3
21143,0.456,12.2,41.1,29.8,16.9
23001,0.456,9.8,35.5,32.0,22.8
26017,0.456,9.5,34.6,36.6,19.3
32510,0.456,13.0,26.0,38.9,22.2
35055,0.456,9.9,28.2,33.2,28.7
36115,0.456,12.1,38.7,28.6,20.5
46025,0.456,8.8,42.2,30.0,19.1
47121,0.456,16.2,45.4,28.6,9.8
55059,0.456,9.9,30.1,33.9,26.1
39095,0.457,10.7,29.7,33.3,26.3
19039,0.457,12.2,38.9,32.9,16.0
18141,0.457,11.5,30.7,28.2,29.6
21037,0.457,9.2,28.2,26.2,36.3
36107,0.457,8.8,35.9,29.2,26.0
36015,0.457,9.7,35.3,31.7,23.3
6061,0.458,5.5,18.0,36.8,39.7
20157,0.458,4.1,34.5,35.9,25.5
18117,0.458,16.8,46.6,25.7,10.9
27147,0.458,7.5,33.7,32.9,26.0
46023,0.458,11.5,38.1,31.8,18.6
38077,0.458,9.3,27.1,42.4,21.3
53071,0.458,11.7,19.8,38.6,29.8
19187,0.459,9.5,33.9,36.7,19.9
23021,0.459,9.7,40.7,31.1,18.4
24009,0.459,5.3,30.3,32.0,32.4
35017,0.459,12.5,26.5,32.2,28.8
34037,0.459,5.1,30.6,28.2,36.1
55099,0.459,8.2,40.4,34.9,16.5
19043,0.46,10.1,43.2,29.0,17.7
27043,0.46,7.4,37.7,36.3,18.6
22051,0.46,14.3,30.8,28.0,26.8
38045,0.46,13.8,28.9,32.7,24.6
42077,0.46,11.0,32.9,26.1,29.9
25011,0.461,6.7,28.5,27.5,37.3
56013,0.461,7.9,29.7,38.1,24.3
12087,0.461,8.6,26.7,30.3,34.4
25025,0.461,13.7,22.1,18.2,46.1
39093,0.461,10.3,31.0,33.8,24.9
36071,0.461,10.3,29.3,30.2,30.3
42017,0.461,6.1,28.2,24.4,41.3
53017,0.461,17.9,29.6,32.0,20.5
45019,0.462,8.3,22.7,25.3,43.6
17131,0.462,8.1,39.6,35.0,17.4
12069,0.462,10.5,32.1,33.4,24.0
19069,0.462,8.9,35.9,37.2,18.0
19003,0.462,6.2,39.1,39.1,15.6
20063,0.462,7.9,36.3,36.1,19.7
27101,0.462,9.8,36.3,33.2,20.7
28089,0.462,8.3,17.0,26.3,48.4
27139,0.462,5.3,22.2,32.6,39.9
36023,0.462,9.3,32.1,30.7,28.0
38039,0.462,10.7,33.4,30.1,25.8
46102,0.462,26.1,27.8,35.7,10.4
51001,0.462,18.5,36.7,25.3,19.5
17169,0.463,10.6,35.6,33.4,20.4
30041,0.463,9.3,30.2,35.1,25.4
33003,0.463,5.8,29.5,30.4,34.3
36117,0.463,10.8,33.7,32.8,22.6
40109,0.463,12.6,25.7,29.7,32.0
19097,0.464,7.4,42.0,31.4,19.2
27129,0.464,9.5,36.6,38.7,15.2
46009,0.464,12.6,37.0,32.2,18.3
6059,0.465,14.5,17.2,27.7,40.6
21193,0.465,23.1,33.0,29.5,14.4
29005,0.465,8.5,39.0,29.5,23.1
38067,0.465,10.4,31.8,37.1,20.6
36063,0.465,8.8,33.2,33.4,24.6
55043,0.465,7.7,35.1,33.3,23.8
36081,0.466,18.0,27.5,22.3,32.2
50007,0.466,5.6,19.0,24.1,51.3
19189,0.466,7.6,34.1,36.6,21.8
30023,0.466,8.9,38.1,32.5,20.4
38099,0.466,14.6,33.0,35.2,17.2
39153,0.466,8.3,30.2,29.1,32.5
18043,0.467,9.2,30.9,30.3,29.6
27061,0.467,6.0,30.0,41.0,23.1
26063,0.467,10.9,41.6,31.5,16.0
27125,0.467,7.4,37.5,39.0,16.2
39043,0.467,8.2,37.2,31.4,23.2
38009,0.467,8.3,27.8,39.9,24.0
42029,0.467,6.4,20.8,19.8,53.0
6053,0.468,28.5,20.3,26.5,24.7
27035,0.468,5.9,29.9,39.5,24.7
19083,0.469,7.6,34.7,37.0,20.8
20027,0.469,7.1,35.2,31.0,26.7
27071,0.469,8.1,35.7,40.7,15.5
35049,0.469,10.7,22.3,26.0,41.0
39049,0.469,8.8,24.6,26.5,40.0
2070,0.47,13.7,37.2,27.0,22.1
19193,0.47,12.9,32.2,31.8,23.1
20103,0.47,7.8,28.3,32.4,31.5
26001,0.47,10.7,39.3,33.1,16.9
37125,0.47,9.3,21.6,31.6,37.4
19141,0.471,7.9,39.9,33.5,18.8
19147,0.471,7.3,29.2,38.0,25.5
27019,0.471,3.9,18.2,29.0,48.9
36053,0.471,8.0,34.8,31.0,26.2
27047,0.472,11.2,35.0,36.6,17.1
53057,0.472,9.8,26.3,37.6,26.2
19127,0.473,16.2,34.2,30.8,18.8
19157,0.473,6.1,37.9,29.9,26.1
19047,0.473,19.8,37.4,28.5,14.3
55079,0.474,11.7,28.4,29.0,31.0
46037,0.474,10.5,36.9,31.0,21.6
42045,0.474,6.9,30.2,23.8,39.0
41063,0.474,6.9,28.6,38.1,26.4
47105,0.474,13.8,32.4,27.4,26.4
55087,0.474,5.9,31.7,32.8,29.7
19159,0.475,7.3,36.9,34.5,21.4
19041,0.475,6.4,34.4,36.4,22.7
27165,0.475,15.5,41.3,27.7,15.5
26071,0.475,8.9,41.9,30.7,18.5
37019,0.475,8.7,27.9,33.5,29.9
55117,0.475,6.8,35.9,32.2,25.1
27037,0.476,4.9,20.4,32.4,42.2
12021,0.476,12.9,25.8,24.9,36.4
17133,0.476,4.0,27.6,33.3,35.0
18019,0.476,10.6,34.6,33.7,21.2
19055,0.476,8.3,42.8,32.3,16.6
16001,0.476,4.8,22.4,34.3,38.5
19153,0.476,8.5,24.5,30.3,36.7
23011,0.476,7.5,32.7,31.8,28.1
26111,0.476,5.8,28.9,30.1,35.2
27149,0.476,6.0,31.4,32.0,30.5
34041,0.476,8.5,30.6,27.9,33.0
34019,0.476,5.0,21.0,21.3,52.7
31011,0.476,5.1,37.6,36.3,21.1
37021,0.476,8.9,23.2,27.7,40.1
38035,0.476,4.9,22.2,37.3,35.6
55017,0.476,7.2,35.4,36.4,21.0
42019,0.476,5.1,32.7,26.2,36.0
55141,0.476,7.3,38.0,33.0,21.6
36057,0.477,13.2,35.4,33.6,17.8
6045,0.477,13.5,25.0,37.1,24.4
19109,0.477,6.1,37.4,39.0,17.5
19005,0.477,11.7,39.4,31.1,17.8
24025,0.477,7.3,26.0,30.0,36.7
39085,0.477,7.7,31.8,33.1,27.4
46049,0.477,6.7,34.5,31.9,26.9
46085,0.477,10.3,36.9,32.4,20.3
55071,0.477,8.0,38.6,33.2,20.2
27007,0.478,7.9,27.8,35.2,29.2
25023,0.478,7.1,27.8,27.5,37.6
42003,0.478,5.4,27.0,26.0,41.6
4007,0.479,13.7,27.9,39.7,18.7
4019,0.479,11.6,22.2,33.8,32.4
6111,0.479,15.0,19.2,32.1,33.8
27083,0.479,8.0,31.7,34.2,26.1
24035,0.479,6.8,28.9,27.8,36.5
41017,0.479,6.3,21.8,36.5,35.4
41051,0.479,8.5,17.0,28.7,45.9
8117,0.48,7.1,18.0,22.6,52.4
26101,0.48,10.1,35.6,34.0,20.3
27131,0.48,8.9,31.4,31.4,28.3
36087,0.48,11.8,22.5,24.6,41.1
17013,0.481,8.4,43.4,33.9,14.2
19065,0.481,8.3,39.6,33.8,18.3
29019,0.481,5.5,21.3,27.1,46.1
27039,0.481,5.1,33.3,35.9,25.7
27133,0.481,6.7,33.0,36.5,23.8
55111,0.481,9.1,33.9,33.0,24.1
39123,0.481,8.3,35.2,33.5,23.1
46091,0.481,7.9,31.0,37.0,24.1
34025,0.482,6.6,23.4,24.0,46.0
17043,0.482,7.0,18.2,25.4,49.4
19019,0.482,5.9,38.5,34.0,21.5
19133,0.482,7.7,38.3,38.7,15.3
34015,0.482,7.1,32.0,27.9,33.0
39061,0.482,8.6,26.3,27.2,37.9
45065,0.482,16.6,33.9,29.0,20.5
19161,0.483,7.2,36.9,35.9,20.0
27123,0.483,9.7,20.9,27.2,42.3
36065,0.483,11.5,31.9,30.9,25.7
41069,0.483,8.4,37.1,39.6,14.9
36027,0.484,8.9,26.8,29.2,35.0
21091,0.484,14.6,43.4,30.6,11.4
21185,0.484,6.2,20.7,30.8,42.4
26009,0.484,8.3,31.5,31.3,28.8
27041,0.484,4.9,29.1,40.0,26.0
19183,0.485,8.6,39.3,30.3,21.8
19013,0.485,8.6,30.5,31.8,29.1
20177,0.485,7.8,31.4,29.9,30.9
23027,0.485,7.8,32.2,28.6,31.4
27091,0.485,6.8,37.9,34.8,20.5
42047,0.485,7.7,48.0,24.7,19.6
50021,0.485,7.4,34.4,27.3,30.8
4009,0.486,14.7,28.7,41.4,15.2
19163,0.486,7.2,29.6,31.4,31.8
27005,0.486,6.9,31.6,36.6,25.0
24005,0.486,8.5,25.8,26.4,39.4
53073,0.486,7.2,23.4,35.2,34.3
55113,0.486,7.7,34.0,34.1,24.2
20131,0.487,5.8,39.8,29.0,25.4
19011,0.487,5.9,36.9,35.0,22.1
19149,0.487,6.9,33.9,36.1,23.2
27169,0.487,6.5,27.2,36.2,30.1
36007,0.487,9.3,31.5,30.8,28.4
42023,0.487,9.3,48.3,28.7,13.7
47187,0.487,4.7,13.3,22.2,59.8
46109,0.487,10.4,35.5,36.8,17.3
46065,0.487,7.8,27.3,30.3,34.7
16081,0.488,6.2,16.6,36.2,41.0
12015,0.488,9.4,34.6,32.6,23.4
19035,0.488,6.9,35.8,35.1,22.2
19139,0.488,11.0,35.3,32.2,21.5
26077,0.488,6.4,22.0,32.8,38.8
27163,0.489,3.9,21.0,30.8,44.3
30047,0.489,8.2,28.5,33.7,29.6
39035,0.489,10.2,27.8,29.5,32.5
31021,0.489,8.7,35.7,34.2,21.3
34007,0.489,11.3,29.5,26.7,32.5
55123,0.489,10.6,37.7,29.3,22.4
19037,0.49,7.2,43.6,32.0,17.2
26081,0.49,9.3,24.1,30.9,35.7
30049,0.49,4.4,23.6,32.0,40.1
51091,0.49,11.5,38.7,27.3,22.5
39159,0.49,6.6,32.0,25.9,35.5
55023,0.49,8.7,39.7,33.2,18.4
6083,0.491,19.1,17.8,29.0,34.2
17167,0.491,7.5,27.2,30.8,34.5
19077,0.491,6.9,38.9,34.4,19.8
27051,0.491,7.1,33.3,40.8,18.8
27117,0.491,10.4,35.5,32.9,21.3
36103,0.491,9.4,27.3,26.9,36.3
4017,0.492,16.6,30.3,37.8,15.3
20071,0.492,13.0,26.9,33.0,27.2
26125,0.492,5.9,18.6,28.3,47.2
55105,0.492,9.2,36.1,32.5,22.1
46097,0.492,10.2,38.8,32.6,18.5
26105,0.493,7.9,34.5,34.6,23.1
19015,0.493,6.1,31.5,37.1,25.3
21111,0.493,9.4,26.7,30.5,33.4
27121,0.493,6.0,30.4,40.7,22.9
26137,0.493,8.0,33.1,35.4,23.6
36089,0.493,11.3,36.8,28.0,23.8
55021,0.493,7.3,33.7,35.7,23.3
9013,0.494,5.0,27.0,26.2,41.8
16085,0.494,5.4,26.7,37.6,30.4
19049,0.494,4.4,17.7,27.6,50.4
38021,0.494,8.7,27.8,34.8,28.8
55041,0.494,11.2,39.2,35.0,14.7
36029,0.494,8.2,27.6,29.9,34.4
38031,0.495,9.7,26.0,37.6,26.7
19137,0.496,9.6,35.2,36.8,18.5
19073,0.496,6.6,39.7,35.1,18.7
27103,0.496,6.0,25.2,35.0,33.8
26003,0.496,10.1,45.2,27.3,17.4
27069,0.496,5.5,36.2,32.5,25.9
18059,0.497,7.1,32.7,29.3,30.8
46013,0.497,7.0,31.6,32.0,29.4
55051,0.497,5.5,33.7,40.9,20.0
53033,0.497,6.9,15.0,25.6,52.5
55103,0.497,9.9,40.8,30.3,19.0
21209,0.498,9.0,30.3,32.3,28.4
23019,0.498,8.0,33.6,30.7,27.7
24021,0.498,7.5,24.1,27.0,41.4
26109,0.498,7.5,42.5,33.7,16.3
39055,0.498,9.8,25.3,26.9,38.0
31055,0.499,9.4,21.4,29.5,39.7
36033,0.499,12.6,37.7,30.6,19.1
20123,0.5,5.2,30.4,38.4,26.1
27033,0.5,10.6,36.0,33.4,20.0
40015,0.5,14.5,41.4,28.7,15.4
34001,0.501,13.0,32.0,26.9,28.1
19025,0.501,6.2,38.0,37.1,18.7
39103,0.501,4.9,31.0,30.2,33.9
19191,0.502,4.8,33.0,31.6,30.6
22071,0.502,13.5,22.8,26.2,37.6
24003,0.502,7.6,23.7,27.0,41.7
38027,0.502,10.6,29.3,34.0,26.2
6087,0.503,13.7,15.5,30.0,40.8
12115,0.503,6.9,28.9,28.8,35.4
20013,0.503,6.8,37.4,34.7,21.2
35006,0.503,17.0,32.2,36.6,14.2
37095,0.503,19.2,38.7,32.9,9.2
36097,0.504,9.6,33.5,33.5,23.5
10005,0.504,11.9,31.2,28.7,28.3
36079,0.505,7.0,27.1,26.3,39.6
38003,0.505,7.7,31.5,31.4,29.4
27173,0.507,8.7,35.4,38.6,17.2
27001,0.507,8.8,36.9,36.3,18.1
27151,0.507,9.4,32.7,38.3,19.6
2020,0.508,6.1,23.4,34.4,36.1
19031,0.508,4.4,37.6,35.8,22.2
19033,0.508,7.3,30.6,38.5,23.6
26053,0.508,6.3,37.3,36.9,19.4
18063,0.509,6.0,27.5,29.5,37.0
19079,0.509,6.7,32.4,36.6,24.3
24013,0.509,7.3,29.4,26.9,36.4
39057,0.509,6.2,24.5,30.1,39.2
19023,0.51,7.5,38.0,37.3,17.3
20085,0.51,5.4,39.0,35.3,20.2
36045,0.511,9.0,34.7,34.1,22.2
25009,0.511,10.7,25.1,24.4,39.9
27107,0.511,8.1,36.9,36.0,19.1
35039,0.511,13.6,32.2,35.0,19.3
30093,0.512,7.5,32.0,33.3,27.2
34035,0.512,5.5,20.3,19.6,54.7
37063,0.512,11.6,17.7,22.4,48.2
55009,0.512,7.9,29.9,31.9,30.3
55035,0.512,5.9,25.0,36.7,32.3
18173,0.513,6.8,31.3,31.7,30.3
19197,0.513,7.6,36.9,38.2,17.2
26043,0.513,5.0,33.2,36.1,25.7
26041,0.513,5.9,33.8,39.4,21.0
39165,0.513,6.2,25.8,25.1,43.0
30063,0.513,4.4,21.7,31.0,43.0
37183,0.513,7.0,15.1,25.1,52.8
8113,0.514,3.2,15.3,22.1,59.4
24029,0.514,11.4,29.8,23.6,35.1
38017,0.514,5.2,20.1,34.6,40.2
19017,0.515,3.6,32.9,32.8,30.7
55125,0.516,6.3,30.0,34.7,29.1
36093,0.517,9.3,29.5,29.1,32.1
38071,0.517,8.1,28.8,36.8,26.4
35043,0.518,10.1,25.5,34.0,30.5
19113,0.519,5.5,27.0,34.3,33.1
26141,0.519,10.4,38.2,33.5,17.9
41041,0.519,8.5,27.3,39.3,24.9
39173,0.519,5.7,30.7,30.1,33.5
55065,0.519,9.2,40.5,31.4,18.8
2275,0.52,13.5,35.3,31.8,19.4
27155,0.52,6.7,35.4,40.4,17.5
41003,0.52,4.1,13.3,28.5,54.1
19059,0.521,4.0,26.3,36.2,33.6
26161,0.521,4.7,14.6,24.7,55.9
27099,0.521,12.4,32.0,33.5,22.2
46027,0.521,5.0,20.8,24.2,49.9
46099,0.521,7.5,26.4,33.0,33.1
27053,0.522,6.7,16.4,26.9,50.1
23003,0.522,11.4,37.3,32.0,19.2
19029,0.523,12.0,37.9,30.0,20.1
18057,0.523,3.2,14.9,22.5,59.3
31043,0.523,23.5,35.3,28.2,13.0
36111,0.523,9.3,29.7,28.6,32.5
12109,0.524,5.2,21.4,28.7,44.7
25017,0.524,6.6,19.0,18.1,56.3
31109,0.524,6.3,21.5,32.6,39.5
36083,0.524,8.1,29.0,30.9,32.0
23031,0.525,6.8,30.0,30.7,32.5
42069,0.525,9.0,36.9,25.9,28.3
38081,0.526,8.1,36.4,37.1,18.5
2130,0.527,7.2,29.7,37.8,25.3
19021,0.527,21.6,30.3,28.4,19.7
24047,0.527,8.7,31.8,30.5,29.0
19171,0.528,8.7,40.0,35.5,15.8
44003,0.529,7.8,28.0,30.9,33.3
26103,0.529,5.0,30.9,31.1,32.9
44005,0.529,6.0,22.1,23.8,48.1
6001,0.53,11.6,17.6,23.5,47.4
6085,0.53,11.6,14.1,21.9,52.4
27049,0.53,5.6,32.8,35.5,26.0
6055,0.531,14.5,17.8,32.0,35.7
38073,0.531,9.0,35.4,36.5,19.1
55085,0.531,6.9,32.0,34.0,27.2
19075,0.532,5.4,31.6,35.1,27.9
27073,0.532,6.7,37.0,37.5,18.8
36021,0.532,9.7,30.0,27.7,32.7
44009,0.532,5.1,22.8,26.0,46.1
18011,0.533,6.3,19.5,24.9,49.3
25021,0.534,6.1,19.2,21.1,53.6
26019,0.534,6.7,31.2,31.8,30.3
36061,0.536,12.7,12.4,13.5,61.3
55129,0.536,7.8,33.6,35.6,23.0
53009,0.536,7.5,26.3,38.8,27.4
6097,0.537,11.2,18.7,34.5,35.5
9009,0.537,9.9,30.7,24.4,35.0
36055,0.538,9.6,23.4,28.4,38.6
55045,0.538,7.6,35.5,33.4,23.6
53047,0.538,16.1,30.3,33.6,20.0
55133,0.539,3.8,22.7,29.1,44.5
9005,0.54,7.0,29.9,27.7,35.4
27105,0.54,23.7,31.3,29.6,15.3
49043,0.54,5.1,16.0,23.9,55.0
27017,0.541,6.0,32.1,39.7,22.1
27137,0.541,5.5,27.2,38.0,29.3
50013,0.541,7.1,27.0,26.1,39.8
2188,0.542,17.5,46.7,22.6,13.2
6075,0.543,11.5,12.1,18.4,58.1
9003,0.543,10.3,26.6,25.0,38.1
53007,0.543,17.4,26.4,30.5,25.8
55049,0.543,4.8,35.3,35.3,24.6
19095,0.544,6.2,37.1,37.8,18.8
9001,0.545,10.0,21.5,20.6,47.9
19009,0.545,10.5,37.1,35.3,17.1
36119,0.545,11.9,19.2,19.9,48.9
36059,0.545,8.6,22.7,22.8,46.0
21067,0.546,8.8,19.6,28.0,43.6
23023,0.546,6.0,30.0,27.7,36.4
55063,0.546,5.0,25.4,34.7,34.9
36069,0.547,6.1,26.4,31.2,36.3
55121,0.547,9.3,39.0,32.4,19.3
6081,0.548,10.4,14.9,23.8,51.0
26029,0.548,6.0,29.7,33.2,31.1
44001,0.548,9.1,19.4,22.5,49.0
34005,0.55,6.3,28.1,27.6,38.0
34003,0.551,7.5,22.7,20.5,49.3
46117,0.551,5.1,30.6,32.2,32.1
20091,0.553,4.0,14.5,25.5,56.0
23009,0.553,5.9,30.8,29.2,34.1
27015,0.553,6.5,36.1,35.2,22.2
2164,0.554,12.0,44.2,27.7,16.1
46135,0.554,9.1,35.4,29.8,25.7
19165,0.555,7.6,35.3,34.9,22.2
23029,0.556,10.7,38.0,29.2,22.0
27075,0.556,5.3,30.9,34.9,28.8
26055,0.556,4.8,24.0,35.2,36.0
35028,0.558,2.4,8.8,21.4,67.4
36001,0.559,7.9,23.0,27.4,41.8
4005,0.56,9.5,22.0,32.3,36.2
23015,0.561,6.9,34.4,25.2,33.5
55003,0.562,7.8,37.0,35.4,19.8
2150,0.564,10.2,29.7,32.1,28.0
18115,0.565,12.4,43.1,29.8,14.7
26131,0.568,7.5,43.4,32.6,16.5
53055,0.568,4.1,16.0,30.1,49.8
9011,0.569,7.7,29.5,29.5,33.3
22125,0.571,17.9,31.8,26.1,24.2
38019,0.573,8.1,31.5,40.9,19.5
55089,0.573,3.2,20.0,27.9,49.0
20117,0.576,7.8,42.2,31.1,18.9
24041,0.576,8.8,24.5,26.2,40.6
36031,0.577,8.5,34.4,30.2,26.8
19027,0.578,6.5,36.7,34.5,22.4
19061,0.58,7.3,32.7,29.2,30.8
23013,0.582,6.4,32.9,27.1,33.5
27045,0.582,9.0,34.1,34.7,22.2
26097,0.583,9.3,34.0,33.4,23.3
46077,0.583,9.3,39.1,30.1,21.5
36067,0.584,9.0,25.4,29.7,35.9
6013,0.586,10.5,17.3,29.9,42.4
23005,0.586,4.9,22.2,25.4,47.6
37135,0.587,7.3,13.6,19.4,59.7
36019,0.588,12.4,37.7,27.1,22.9
36113,0.588,8.1,30.6,30.0,31.3
34009,0.59,7.5,32.0,27.7,32.8
42053,0.59,17.0,57.4,17.5,8.1
21073,0.591,11.0,31.3,27.8,29.9
36109,0.592,5.6,19.0,21.9,53.5
19103,0.592,5.1,16.3,25.9,52.8
21239,0.593,8.9,29.8,27.5,33.8
35045,0.594,15.1,30.5,39.5,14.9
26033,0.595,10.0,34.1,34.7,21.2
36091,0.595,6.0,24.9,27.8,41.4
24027,0.597,4.5,13.5,19.5,62.6
24031,0.598,9.0,13.4,18.7,58.9
27157,0.602,6.6,33.0,36.7,23.7
53031,0.604,4.9,20.7,30.1,44.3
38079,0.607,12.5,25.8,42.2,19.6
27011,0.609,7.4,45.0,32.3,15.4
37055,0.61,5.8,22.8,36.7,34.7
55078,0.61,8.1,42.6,31.4,17.9
34027,0.613,5.5,20.1,20.4,54.1
16013,0.614,11.3,25.6,27.8,35.4
26047,0.614,6.1,24.7,35.8,33.4
39041,0.615,3.6,18.3,23.8,54.3
9007,0.62,5.8,25.8,26.2,42.2
51740,0.62,11.7,30.1,36.3,21.9
2105,0.622,6.3,38.5,33.9,21.3
27087,0.623,13.1,36.7,37.0,13.2
4001,0.624,19.6,32.2,35.9,12.3
42093,0.624,9.4,40.1,18.9,31.6
55025,0.625,4.2,17.8,26.7,51.4
31173,0.628,10.9,32.9,39.9,16.4
27109,0.631,5.4,19.9,29.8,44.9
41027,0.631,18.7,21.8,27.5,32.0
2060,0.633,6.0,37.0,34.5,22.5
2100,0.634,2.5,30.2,33.6,33.8
2110,0.636,3.6,21.6,36.4,38.4
41001,0.637,9.0,31.1,36.2,23.7
12119,0.64,7.9,30.4,30.0,31.8
46041,0.642,14.6,35.9,32.9,16.6
38063,0.643,8.2,29.2,37.7,25.0
2050,0.645,19.1,46.4,22.6,11.9
17085,0.656,7.7,35.9,31.4,25.0
30087,0.659,10.0,30.7,41.5,17.8
35031,0.661,22.8,34.4,31.4,11.4
55029,0.661,5.6,30.3,30.3,33.7
30003,0.665,10.5,35.2,36.2,18.1
2230,0.668,5.3,29.2,35.9,29.6
2220,0.67,5.3,27.4,34.0,33.4
2290,0.674,14.0,40.2,32.2,13.6
6041,0.677,6.7,10.5,23.3,59.5
26089,0.679,4.3,21.6,29.3,44.7
2195,0.681,10.3,31.7,29.6,28.4
27031,0.695,2.9,24.0,32.7,40.4
4023,0.698,23.4,28.7,27.5,20.4
55007,0.701,4.9,29.1,34.8,31.1
2180,0.713,15.4,41.1,27.3,16.1
2282,0.713,8.8,33.5,35.1,22.6
56039,0.716,4.8,14.9,23.3,57.0
30005,0.717,10.1,27.4,39.7,22.9
20065,0.726,7.4,31.9,36.0,24.7
36041,0.741,22.5,27.2,33.4,16.8
30035,0.749,10.4,39.2,28.9,21.4
37117,0.775,16.6,33.9,33.1,16.4
13053,0.999,5.7,28.3,36.5,29.5